Handle,Title,Body (HTML),Vendor,Type,Tags,Published,Option1 Name,Option1 Value,Option2 Name,Option2 Value,Option3 Name,Option3 Value,Variant SKU,Variant Grams,Variant Inventory Tracker,Variant Inventory Qty,Variant Inventory Policy,Variant Fulfillment Service,Variant Price,Variant Compare At Price,Variant Requires Shipping,Variant Taxable,Variant Barcode,Image Src,Image Position,Image Alt Text,Gift Card,SEO Title,SEO Description,Variant Image,Variant Weight Unit,Status
eiderdown-from-the-island-of-svalbard,"Norwegian Eiderdown Duvet, Hand picked, limited supply","<p>Limited Edition Eiderdown Duvet</p><p><strong>Weight:</strong><br />
Summer: for hot sleepers and warm bedrooms.<br />
All year: for temperature controlled bedrooms with relatively stable temperatures year-round.<br />
Winter: for cold sleepers and cold bedrooms.<br />
Polar: for ice cold bedrooms and very cold sleepers.</p>
<p>Norwegian eiderdown, gathered from abandoned nests by hand, fill power rarely measured but insulates at well over 1000 (EU).</p>
<p>Eiderdown is the best of the best when it comes to down and annual supply is limited.</p>
<p>As the raw material can only be gathered once a year, once the eider ducks and ducklings have left their nests, production cannot be increased.</p>
<p>We rely on natural supply each year – nature decides.</p>
<p>This down expands when warmed up by your body. No other material in nature can match its insulating abilities. The cling of eiderdown is also unparalleled.</p>
<p>Although very warm, it breathes spectacularly well and is therefore great for light summer duvets. It’s the most durable down there is. A Norwegian treasure that can last 100 years and be passed down through generations if properly maintained.</p>
<p>Available in Summer, All-year, Winter and Polar and therefore suitable for all climates of and all possible personal preferences. Can also be tailor-made to suit individual tastes. Each duvet is made to order with a three week lead time.</p>
<p>We recommend to ship the duvet back to us every ten years for complete <a href=""https://www.norvegr.com/lifetime-products/"">restoration</a>. Eiderdown is the most durable down there is and these duvets can be restored up to eight times without the quality decreasing – thereby lasting almost 100 years if maintained properly. The restoration cost is the retail price at time of restoration, divided by eight. Shipping back and forth is extra, but thanks to a generous discount with our courier, costs are modest. We will gladly help arrange your product’s return to make the process as effortless as possible for you.</p>
#sp-ea-9981 .spcollapsing { height: 0; overflow: hidden; transition-property: height;transition-duration: 300ms;}#sp-ea-9981.sp-easy-accordion&gt;.sp-ea-single {margin-bottom: 10px; border: 1px solid #e2e2e2; }#sp-ea-9981.sp-easy-accordion&gt;.sp-ea-single&gt;.ea-header a {color: #444;}#sp-ea-9981.sp-easy-accordion&gt;.sp-ea-single&gt;.sp-collapse&gt;.ea-body {background: #fff; color: #444;}#sp-ea-9981.sp-easy-accordion&gt;.sp-ea-single {background: #eee;}#sp-ea-9981.sp-easy-accordion&gt;.sp-ea-single&gt;.ea-header a .ea-expand-icon { float: left; color: #bfa356;font-size: 16px;}<div id=""sp_easy_accordion-1785258019""><div id=""sp-ea-9981"" class=""sp-ea-one sp-easy-accordion"" data-ea-active=""ea-click"" data-ea-mode=""vertical"" data-preloader="""" data-scroll-active-item="""" data-offset-to-scroll=""0""><div class=""ea-card ea-expand sp-ea-single""><h3 class=""ea-header""><a class=""collapsed"" id=""ea-header-99810"" role=""button"" data-sptoggle=""spcollapse"" data-sptarget=""#collapse99810"" aria-controls=""collapse99810"" href=""#"" aria-expanded=""true""><i aria-hidden=""true"" role=""presentation"" class=""ea-expand-icon eap-icon-ea-expand-minus""></i> Duvet Buying Guide</a></h3><div class=""sp-collapse spcollapse collapsed show"" id=""collapse99810"" data-parent=""#sp-ea-9981"" role=""region"" aria-labelledby=""ea-header-99810""> <div class=""ea-body""><h2><a href=""/what-constitutes-a-good-duvet/"" target=""_blank"" rel=""noopener"">What constitutes a good duvet?</a></br><br /><a href=""/how-to-choose-between-our-duvet-collections/"" target=""_blank"" rel=""noopener"">How to Choose a Duvet Collection</a></br><br /><a href=""/choosing-your-perfect-duvet-size/"" target=""_blank"" rel=""noopener"">How to Choose a Duvet Size</a></br><br /><a href=""/how-to-choose-a-duvet-weight/"" target=""_blank"" rel=""noopener"">How to Choose a Duvet Weight</a></br><br /><a href=""/duvet-vs-comforter/"" target=""_blank"" rel=""noopener"">Duvet Vs Comforter</a></h2></div></div></div></div></div>
<p>&nbsp;</p>
<h1>The story behind our exclusive Eiderdown</h1>
#sp-ea-5732 .spcollapsing { height: 0; overflow: hidden; transition-property: height;transition-duration: 300ms;}#sp-ea-5732.sp-easy-accordion&gt;.sp-ea-single {margin-bottom: 10px; border: 1px solid #e2e2e2; }#sp-ea-5732.sp-easy-accordion&gt;.sp-ea-single&gt;.ea-header a {color: #444;}#sp-ea-5732.sp-easy-accordion&gt;.sp-ea-single&gt;.sp-collapse&gt;.ea-body {background: #fff; color: #444;}#sp-ea-5732.sp-easy-accordion&gt;.sp-ea-single {background: #eee;}#sp-ea-5732.sp-easy-accordion&gt;.sp-ea-single&gt;.ea-header a .ea-expand-icon { float: left; color: #444;font-size: 16px;}<div id=""sp_easy_accordion-1785258019""><div id=""sp-ea-5732"" class=""sp-ea-one sp-easy-accordion"" data-ea-active=""ea-click"" data-ea-mode=""vertical"" data-preloader="""" data-scroll-active-item="""" data-offset-to-scroll=""0""><div class=""ea-card sp-ea-single""><h3 class=""ea-header""><a class=""collapsed"" id=""ea-header-57320"" role=""button"" data-sptoggle=""spcollapse"" data-sptarget=""#collapse57320"" aria-controls=""collapse57320"" href=""#"" aria-expanded=""false""><i aria-hidden=""true"" role=""presentation"" class=""ea-expand-icon eap-icon-ea-expand-plus""></i> The Norwegian island of Svalbard</a></h3><div class=""sp-collapse spcollapse spcollapse"" id=""collapse57320"" data-parent=""#sp-ea-5732"" role=""region"" aria-labelledby=""ea-header-57320""> <div class=""ea-body""><p>Norvegr sources its Eiderdown from the Norwegian island of Svalbard, where the Eider ducks are cared for by the locals and co-exist with the infamous Polar Bear.</p><blockquote><p>The annual quantity is less than 100 kilograms and is arguably the most exclusive down in the world!</p></blockquote><p>The eider ducks, ”Somateria Mollissima Borealis”, that inhabit the island are slightly different than the eider ducks on the Norwegian mainland.</p><p>Even during the summer there is often rain, sleet and ice cold winds in these polar areas. This means that the wild animals on Svalbard, such as the fox and the reindeer are smaller, and develop thicker and richer furs because of the harsh climate. This is also the case for the eider duck, and its protective down.</p><p>Lastly, unlike on the Norwegian mainland or in Iceland, the eider ducks on Svalbard are completely untouched by humans!</p></div></div></div><div class=""ea-card sp-ea-single""><h3 class=""ea-header""><a class=""collapsed"" id=""ea-header-57321"" role=""button"" data-sptoggle=""spcollapse"" data-sptarget=""#collapse57321"" aria-controls=""collapse57321"" href=""#"" aria-expanded=""false""><i aria-hidden=""true"" role=""presentation"" class=""ea-expand-icon eap-icon-ea-expand-plus""></i> The Secret of the Eiderdown from this mesmerising island</a></h3><div class=""sp-collapse spcollapse spcollapse"" id=""collapse57321"" data-parent=""#sp-ea-5732"" role=""region"" aria-labelledby=""ea-header-57321""> <div class=""ea-body""><p>Seldom is nature quite so sophisticated as the deceptively humble down of the highly prized eider duck of northern Norway.</p><p>There are many reasons why this material has been coveted for so long, but the eider keeps its secret, quite literally, close to its chest.</p><p>The down comes only from the female eider, who plucks it from her own breast to feather her nest. Whenever she needs to wander down to the sea to feed, she simply spreads a little down over her eggs. This is enough to keep them warm for the whole day – tribute enough to the unique insulating properties of this material.</p><blockquote><p><em>This eiderdown has the best heat retention of all materials in nature!</em></p></blockquote></div></div></div><div class=""ea-card sp-ea-single""><h3 class=""ea-header""><a class=""collapsed"" id=""ea-header-57322"" role=""button"" data-sptoggle=""spcollapse"" data-sptarget=""#collapse57322"" aria-controls=""collapse57322"" href=""#"" aria-expanded=""false""><i aria-hidden=""true"" role=""presentation"" class=""ea-expand-icon eap-icon-ea-expand-plus""></i> The process behind collecting and washing this special Eiderdown material</a></h3><div class=""sp-collapse spcollapse spcollapse"" id=""collapse57322"" data-parent=""#sp-ea-5732"" role=""region"" aria-labelledby=""ea-header-57322""> <div class=""ea-body""><p>After midsummer, the female and her ducklings leave the nest and head for the sea until next year &#8211; this is when the harvesting of the down can take place.</p><p>The down is hand collected and hand washed. It takes a highly skilled person a full week to clean a single kilogram of Eiderdown, which was taken from up to 60 nests. (Each nest yields approximately 15-20 grams of down.)</p><p>The hand cleaning process is an essential step to ensure the preservation of its unique qualities.</p><blockquote><p>The annual quantity is sufficient for about 100 duvets and it is arguably the most exclusive down in the world. One rarely measures the fill power of eiderdown, however this has the highest of them all.</p></blockquote></div></div></div><div class=""ea-card sp-ea-single""><h3 class=""ea-header""><a class=""collapsed"" id=""ea-header-57323"" role=""button"" data-sptoggle=""spcollapse"" data-sptarget=""#collapse57323"" aria-controls=""collapse57323"" href=""#"" aria-expanded=""false""><i aria-hidden=""true"" role=""presentation"" class=""ea-expand-icon eap-icon-ea-expand-plus""></i> What other key features do these luxury duvets have?</a></h3><div class=""sp-collapse spcollapse spcollapse"" id=""collapse57323"" data-parent=""#sp-ea-5732"" role=""region"" aria-labelledby=""ea-header-57323""> <div class=""ea-body""><p>Filled in a channel constructed duvet casing made from the finest batiste, 100 % Egyptian cotton. The seams are hidden inside the casing on three sides, and there is no stitching throughout.</p><p>Instead, we use baffle walls between the channels, to make sure that the down reaches everywhere inside the casing. This way, the duvet is equally as thick all the way through the channels, and you will not have any cold spots against your body.</p></div></div></div></div></div>",Norvegr,Duvets,"Duvets, Limited Edition Collection",TRUE,Size,XL Twin,Weight,Summer,,,,,,0,deny,manual,6068.52,,TRUE,TRUE,,https://cdn.shopify.com/s/files/1/1020/3765/1794/files/norwegian-eiderdown-duvet-comforter.jpg,1,"Norwegian Eiderdown Duvet, Hand picked, limited supply",FALSE,"Norwegian Eiderdown Duvet, Hand picked, limited supply",,,kg,active
eiderdown-from-the-island-of-svalbard,,,,,,,Size,Single,Weight,All Year,,,,,,0,deny,manual,4869.85,,TRUE,TRUE,,,,,,,,,kg,
eiderdown-from-the-island-of-svalbard,,,,,,,Size,Single,Weight,Polar,,,,,,0,deny,manual,11843.96,,TRUE,TRUE,,,,,,,,,kg,
eiderdown-from-the-island-of-svalbard,,,,,,,Size,Single,Weight,Summer,,,,,,0,deny,manual,3565.96,,TRUE,TRUE,,,,,,,,,kg,
eiderdown-from-the-island-of-svalbard,,,,,,,Size,Single,Weight,Winter,,,,,,0,deny,manual,7481.38,,TRUE,TRUE,,,,,,,,,kg,
eiderdown-from-the-island-of-svalbard,,,,,,,Size,Double,Weight,All Year,,,,,,0,deny,manual,6658.47,,TRUE,TRUE,,,,,,,,,kg,
eiderdown-from-the-island-of-svalbard,,,,,,,Size,Double,Weight,Polar,,,,,,0,deny,manual,16717.56,,TRUE,TRUE,,,,,,,,,kg,
eiderdown-from-the-island-of-svalbard,,,,,,,Size,Double,Weight,Summer,,,,,,0,deny,manual,4809.73,,TRUE,TRUE,,,,,,,,,kg,
eiderdown-from-the-island-of-svalbard,,,,,,,Size,Double,Weight,Winter,,,,,,0,deny,manual,10355.95,,TRUE,TRUE,,,,,,,,,kg,
eiderdown-from-the-island-of-svalbard,,,,,,,Size,King,Weight,All Year,,,,,,0,deny,manual,8420.78,,TRUE,TRUE,,,,,,,,,kg,
eiderdown-from-the-island-of-svalbard,,,,,,,Size,King,Weight,Polar,,,,,,0,deny,manual,20152.01,,TRUE,TRUE,,,,,,,,,kg,
eiderdown-from-the-island-of-svalbard,,,,,,,Size,King,Weight,Summer,,,,,,0,deny,manual,6354.10,,TRUE,TRUE,,,,,,,,,kg,
eiderdown-from-the-island-of-svalbard,,,,,,,Size,King,Weight,Winter,,,,,,0,deny,manual,12554.14,,TRUE,TRUE,,,,,,,,,kg,
eiderdown-from-the-island-of-svalbard,,,,,,,Size,Superking,Weight,All Year,,,,,,0,deny,manual,9642.00,,TRUE,TRUE,,,,,,,,,kg,
eiderdown-from-the-island-of-svalbard,,,,,,,Size,Superking,Weight,Polar,,,,,,0,deny,manual,23699.18,,TRUE,TRUE,,,,,,,,,kg,
eiderdown-from-the-island-of-svalbard,,,,,,,Size,Superking,Weight,Summer,,,,,,0,deny,manual,7248.41,,TRUE,TRUE,,,,,,,,,kg,
eiderdown-from-the-island-of-svalbard,,,,,,,Size,Superking,Weight,Winter,,,,,,0,deny,manual,14429.18,,TRUE,TRUE,,,,,,,,,kg,
eiderdown-from-the-island-of-svalbard,,,,,,,Size,Superking Extra Long,Weight,All Year,,,,,,0,deny,manual,10874.49,,TRUE,TRUE,,,,,,,,,kg,
eiderdown-from-the-island-of-svalbard,,,,,,,Size,Superking Extra Long,Weight,Polar,,,,,,0,deny,manual,25848.53,,TRUE,TRUE,,,,,,,,,kg,
eiderdown-from-the-island-of-svalbard,,,,,,,Size,Superking Extra Long,Weight,Summer,,,,,,0,deny,manual,8480.90,,TRUE,TRUE,,,,,,,,,kg,
eiderdown-from-the-island-of-svalbard,,,,,,,Size,Superking Extra Long,Weight,Winter,,,,,,0,deny,manual,15661.68,,TRUE,TRUE,,,,,,,,,kg,
eiderdown-from-the-island-of-svalbard,,,,,,,Size,Emperor,Weight,All Year,,,,,,0,deny,manual,12392.56,,TRUE,TRUE,,,,,,,,,kg,
eiderdown-from-the-island-of-svalbard,,,,,,,Size,Emperor,Weight,Polar,,,,,,0,deny,manual,29016.19,,TRUE,TRUE,,,,,,,,,kg,
eiderdown-from-the-island-of-svalbard,,,,,,,Size,Emperor,Weight,Summer,,,,,,0,deny,manual,9672.06,,TRUE,TRUE,,,,,,,,,kg,
eiderdown-from-the-island-of-svalbard,,,,,,,Size,Emperor,Weight,Winter,,,,,,0,deny,manual,17829.81,,TRUE,TRUE,,,,,,,,,kg,
eiderdown-from-the-island-of-svalbard,,,,,,,,,,,,,,,,,,,,,,,,https://cdn.shopify.com/s/files/1/1020/3765/1794/files/Down_143-Eiderdown.jpg,2,"Norwegian Eiderdown Duvet, Hand picked, limited supply",,,,,,
eiderdown-from-the-island-of-svalbard,,,,,,,,,,,,,,,,,,,,,,,,https://cdn.shopify.com/s/files/1/1020/3765/1794/files/Duvet_Close_Up_166-Eiderdown-scaled.jpg,3,"Norwegian Eiderdown Duvet, Hand picked, limited supply",,,,,,
eiderdown-from-the-island-of-svalbard,,,,,,,,,,,,,,,,,,,,,,,,https://cdn.shopify.com/s/files/1/1020/3765/1794/files/Duvet_Close_Up_176-Eiderdown.jpg,4,"Norwegian Eiderdown Duvet, Hand picked, limited supply",,,,,,
eiderdown-from-the-island-of-svalbard,,,,,,,,,,,,,,,,,,,,,,,,https://cdn.shopify.com/s/files/1/1020/3765/1794/files/Packaging_025.jpg,5,"Norwegian Eiderdown Duvet, Hand picked, limited supply",,,,,,
eiderdown-from-the-island-of-svalbard,,,,,,,,,,,,,,,,,,,,,,,,https://cdn.shopify.com/s/files/1/1020/3765/1794/files/Rolled_Up_Duvet_046-Eiderdown-scaled.jpg,6,"Norwegian Eiderdown Duvet, Hand picked, limited supply",,,,,,
masurian-white-goose-down-duvet,"Masurian White Goose, 100% Down Duvet, Fill Power 915","<p>Premium Plus Collection Duvet</p><p><strong>Weight:</strong><br />
Summer: for hot sleepers and warm bedrooms.<br />
All year: for temperature controlled bedrooms with relatively stable temperatures year-round.<br />
Winter: for cold sleepers and cold bedrooms.<br />
Polar: for ice cold bedrooms and very cold sleepers.</p>
<p>This is a non-commercially available quality that exceeds the fill power scale. However, a generous portion is secured each year.</p>
<p>Each down cluster is significantly larger than the peak commercially available qualities.</p>
<p>The density is extreme and the ability to trap air for insulation and breathability is as high as it gets for goose down.</p>
<p>The down has good cling, creating extra pockets of air in between the down clusters.</p>
<p>For those that prefer a lofty-looking duvet for aesthetic reasons, this collection can be chosen as Winter weight. It will work well all year round in air-conditioned bedrooms or bedrooms where the night-time temperatures are a few degrees colder than during the day. The Polar weight will be fine for particularly chilly air-conditioned bedrooms.</p>
<p>Available in Summer, All-year, Winter and Polar and therefore suitable for all climates and all possible personal preferences. Can also be tailor-made to suit individual preferences. Each duvet is made to order with a three week lead time.</p>
<p>We recommend to ship the duvet back to us every ten years for complete <a href=""https://www.norvegr.com/lifetime-products/"">restoration</a>. The down inside these duvets is very durable and can be restored up to five times without the quality decreasing – thereby lasting at least 60 years if maintained properly. The restoration cost is the retail price at time of restoration, divided by four. Shipping back and forth is extra, but thanks to a generous discount with our courier, costs are modest. We will gladly help arrange your product’s return to make the process as effortless as possible for you.</p>
#sp-ea-9981 .spcollapsing { height: 0; overflow: hidden; transition-property: height;transition-duration: 300ms;}#sp-ea-9981.sp-easy-accordion&gt;.sp-ea-single {margin-bottom: 10px; border: 1px solid #e2e2e2; }#sp-ea-9981.sp-easy-accordion&gt;.sp-ea-single&gt;.ea-header a {color: #444;}#sp-ea-9981.sp-easy-accordion&gt;.sp-ea-single&gt;.sp-collapse&gt;.ea-body {background: #fff; color: #444;}#sp-ea-9981.sp-easy-accordion&gt;.sp-ea-single {background: #eee;}#sp-ea-9981.sp-easy-accordion&gt;.sp-ea-single&gt;.ea-header a .ea-expand-icon { float: left; color: #bfa356;font-size: 16px;}<div id=""sp_easy_accordion-1785258043""><div id=""sp-ea-9981"" class=""sp-ea-one sp-easy-accordion"" data-ea-active=""ea-click"" data-ea-mode=""vertical"" data-preloader="""" data-scroll-active-item="""" data-offset-to-scroll=""0""><div class=""ea-card ea-expand sp-ea-single""><h3 class=""ea-header""><a class=""collapsed"" id=""ea-header-99810"" role=""button"" data-sptoggle=""spcollapse"" data-sptarget=""#collapse99810"" aria-controls=""collapse99810"" href=""#"" aria-expanded=""true""><i aria-hidden=""true"" role=""presentation"" class=""ea-expand-icon eap-icon-ea-expand-minus""></i> Duvet Buying Guide</a></h3><div class=""sp-collapse spcollapse collapsed show"" id=""collapse99810"" data-parent=""#sp-ea-9981"" role=""region"" aria-labelledby=""ea-header-99810""> <div class=""ea-body""><h2><a href=""/what-constitutes-a-good-duvet/"" target=""_blank"" rel=""noopener"">What constitutes a good duvet?</a></br><br /><a href=""/how-to-choose-between-our-duvet-collections/"" target=""_blank"" rel=""noopener"">How to Choose a Duvet Collection</a></br><br /><a href=""/choosing-your-perfect-duvet-size/"" target=""_blank"" rel=""noopener"">How to Choose a Duvet Size</a></br><br /><a href=""/how-to-choose-a-duvet-weight/"" target=""_blank"" rel=""noopener"">How to Choose a Duvet Weight</a></br><br /><a href=""/duvet-vs-comforter/"" target=""_blank"" rel=""noopener"">Duvet Vs Comforter</a></h2></div></div></div></div></div>
#sp-ea-7709 .spcollapsing { height: 0; overflow: hidden; transition-property: height;transition-duration: 300ms;}#sp-ea-7709.sp-easy-accordion&gt;.sp-ea-single {margin-bottom: 10px; border: 1px solid #e2e2e2; }#sp-ea-7709.sp-easy-accordion&gt;.sp-ea-single&gt;.ea-header a {color: #444;}#sp-ea-7709.sp-easy-accordion&gt;.sp-ea-single&gt;.sp-collapse&gt;.ea-body {background: #fff; color: #444;}#sp-ea-7709.sp-easy-accordion&gt;.sp-ea-single {background: #eee;}#sp-ea-7709.sp-easy-accordion&gt;.sp-ea-single&gt;.ea-header a .ea-expand-icon { float: left; color: #444;font-size: 16px;}<div id=""sp_easy_accordion-1785258043""><div id=""sp-ea-7709"" class=""sp-ea-one sp-easy-accordion"" data-ea-active=""ea-click"" data-ea-mode=""vertical"" data-preloader="""" data-scroll-active-item="""" data-offset-to-scroll=""0""><div class=""ea-card sp-ea-single""><h3 class=""ea-header""><a class=""collapsed"" id=""ea-header-77090"" role=""button"" data-sptoggle=""spcollapse"" data-sptarget=""#collapse77090"" aria-controls=""collapse77090"" href=""#"" aria-expanded=""false""><i aria-hidden=""true"" role=""presentation"" class=""ea-expand-icon eap-icon-ea-expand-plus""></i> What kind of down goes into the Premium Plus Collection duvets?</a></h3><div class=""sp-collapse spcollapse spcollapse"" id=""collapse77090"" data-parent=""#sp-ea-7709"" role=""region"" aria-labelledby=""ea-header-77090""> <div class=""ea-body""><p>The purity of the down inside our Premium Plus Collection duvets is 100 %. In other words, there are no feathers inside. The fill power of the Masurian down in these duvets top the scale at 900+. This is higher than one gets when dealing with commercially available qualities of down.</p><p>These are our very best goose down duvets. Made with our signature channel construction, these duvets provide a balance between insulation and breathability that is second to none for a goose down duvet. You keep a perfectly even and supremely comfortable temperature all night long. Moreover, these duvets are so light that going to bed underneath them feels like sleeping under a warm cloud.</p></div></div></div><div class=""ea-card sp-ea-single""><h3 class=""ea-header""><a class=""collapsed"" id=""ea-header-77091"" role=""button"" data-sptoggle=""spcollapse"" data-sptarget=""#collapse77091"" aria-controls=""collapse77091"" href=""#"" aria-expanded=""false""><i aria-hidden=""true"" role=""presentation"" class=""ea-expand-icon eap-icon-ea-expand-plus""></i> What other key features do these duvets have?</a></h3><div class=""sp-collapse spcollapse spcollapse"" id=""collapse77091"" data-parent=""#sp-ea-7709"" role=""region"" aria-labelledby=""ea-header-77091""> <div class=""ea-body""><p>Filled in a channel constructed duvet casing made from the finest batiste, 100 % Egyptian cotton: The seams are hidden inside the casing on three sides, and there is no stitching.</p><p>Instead, we use baffle walls between the channels, to make sure that the down reaches everywhere inside the casing. This way, the duvet is equally as thick all the way through the channels, and you will not have any cold spots against your body.</p></div></div></div></div></div>",Norvegr,Duvets,"Duvets, Premium Plus Collection",TRUE,Size,Double,Weight,All Year,,,,,,0,deny,manual,2089.23,,TRUE,TRUE,,https://cdn.shopify.com/s/files/1/1020/3765/1794/files/premium-plus-down-duvets.jpg,1,"Masurian White Goose, 100% Down Duvet, Fill Power 915",FALSE,"Masurian White Goose, 100% Down Duvet, Fill Power 915",,,kg,active
masurian-white-goose-down-duvet,,,,,,,Size,Double,Weight,Polar,,,,,,0,deny,manual,4651.91,,TRUE,TRUE,,,,,,,,,kg,
masurian-white-goose-down-duvet,,,,,,,Size,Double,Weight,Summer,,,,,,0,deny,manual,1394.07,,TRUE,TRUE,,,,,,,,,kg,
masurian-white-goose-down-duvet,,,,,,,Size,Double,Weight,Winter,,,,,,0,deny,manual,3032.38,,TRUE,TRUE,,,,,,,,,kg,
masurian-white-goose-down-duvet,,,,,,,Size,Emperor,Weight,All Year,,,,,,0,deny,manual,3780.15,,TRUE,TRUE,,,,,,,,,kg,
masurian-white-goose-down-duvet,,,,,,,Size,Emperor,Weight,Polar,,,,,,0,deny,manual,8172.78,,TRUE,TRUE,,,,,,,,,kg,
masurian-white-goose-down-duvet,,,,,,,Size,Emperor,Weight,Summer,,,,,,0,deny,manual,2743.05,,TRUE,TRUE,,,,,,,,,kg,
masurian-white-goose-down-duvet,,,,,,,Size,Emperor,Weight,Winter,,,,,,0,deny,manual,5166.70,,TRUE,TRUE,,,,,,,,,kg,
masurian-white-goose-down-duvet,,,,,,,Size,King,Weight,All Year,,,,,,0,deny,manual,2634.08,,TRUE,TRUE,,,,,,,,,kg,
masurian-white-goose-down-duvet,,,,,,,Size,King,Weight,Polar,,,,,,0,deny,manual,5587.55,,TRUE,TRUE,,,,,,,,,kg,
masurian-white-goose-down-duvet,,,,,,,Size,King,Weight,Summer,,,,,,0,deny,manual,1844.98,,TRUE,TRUE,,,,,,,,,kg,
masurian-white-goose-down-duvet,,,,,,,Size,King,Weight,Winter,,,,,,0,deny,manual,3686.21,,TRUE,TRUE,,,,,,,,,kg,
masurian-white-goose-down-duvet,,,,,,,Size,Single,Weight,All Year,,,,,,0,deny,manual,1555.65,,TRUE,TRUE,,,,,,,,,kg,
masurian-white-goose-down-duvet,,,,,,,Size,Single,Weight,Polar,,,,,,0,deny,manual,3336.75,,TRUE,TRUE,,,,,,,,,kg,
masurian-white-goose-down-duvet,,,,,,,Size,Single,Weight,Summer,,,,,,0,deny,manual,1067.16,,TRUE,TRUE,,,,,,,,,kg,
masurian-white-goose-down-duvet,,,,,,,Size,Single,Weight,Winter,,,,,,0,deny,manual,2220.74,,TRUE,TRUE,,,,,,,,,kg,
masurian-white-goose-down-duvet,,,,,,,Size,Superking Extra Long,Weight,All Year,,,,,,0,deny,manual,3302.93,,TRUE,TRUE,,,,,,,,,kg,
masurian-white-goose-down-duvet,,,,,,,Size,Superking Extra Long,Weight,Polar,,,,,,0,deny,manual,7079.32,,TRUE,TRUE,,,,,,,,,kg,
masurian-white-goose-down-duvet,,,,,,,Size,Superking Extra Long,Weight,Summer,,,,,,0,deny,manual,2389.83,,TRUE,TRUE,,,,,,,,,kg,
masurian-white-goose-down-duvet,,,,,,,Size,Superking Extra Long,Weight,Winter,,,,,,0,deny,manual,4524.15,,TRUE,TRUE,,,,,,,,,kg,
masurian-white-goose-down-duvet,,,,,,,Size,Superking,Weight,All Year,,,,,,0,deny,manual,2976.02,,TRUE,TRUE,,,,,,,,,kg,
masurian-white-goose-down-duvet,,,,,,,Size,Superking,Weight,Polar,,,,,,0,deny,manual,6508.16,,TRUE,TRUE,,,,,,,,,kg,
masurian-white-goose-down-duvet,,,,,,,Size,Superking,Weight,Summer,,,,,,0,deny,manual,2062.92,,TRUE,TRUE,,,,,,,,,kg,
masurian-white-goose-down-duvet,,,,,,,Size,Superking,Weight,Winter,,,,,,0,deny,manual,4189.72,,TRUE,TRUE,,,,,,,,,kg,
masurian-white-goose-down-duvet,,,,,,,,,,,,,,,,,,,,,,,,https://cdn.shopify.com/s/files/1/1020/3765/1794/files/Down_085_cropped-Premium-Plus.jpg,2,"Masurian White Goose, 100% Down Duvet, Fill Power 915",,,,,,
masurian-white-goose-down-duvet,,,,,,,,,,,,,,,,,,,,,,,,https://cdn.shopify.com/s/files/1/1020/3765/1794/files/Duvet_Close_Up_197-Premium-Plus-scaled.jpg,3,"Masurian White Goose, 100% Down Duvet, Fill Power 915",,,,,,
masurian-white-goose-down-duvet,,,,,,,,,,,,,,,,,,,,,,,,https://cdn.shopify.com/s/files/1/1020/3765/1794/files/Packaging_023-1.jpg,4,"Masurian White Goose, 100% Down Duvet, Fill Power 915",,,,,,
masurian-white-goose-down-duvet,,,,,,,,,,,,,,,,,,,,,,,,https://cdn.shopify.com/s/files/1/1020/3765/1794/files/Rolled_Up_Duvet_018-1-Premium-Plus-scaled.jpg,5,"Masurian White Goose, 100% Down Duvet, Fill Power 915",,,,,,
masurian-white-goose-down-duvet,,,,,,,,,,,,,,,,,,,,,,,,https://cdn.shopify.com/s/files/1/1020/3765/1794/files/Rolled_up_Duvet_091-copy-Premium-Plus-scaled.jpg,6,"Masurian White Goose, 100% Down Duvet, Fill Power 915",,,,,,
masurian-white-goose-down-duvet,,,,,,,,,,,,,,,,,,,,,,,,https://cdn.shopify.com/s/files/1/1020/3765/1794/files/Rolled_up_Duvet_106-copy-Premium-Plus-scaled.jpg,7,"Masurian White Goose, 100% Down Duvet, Fill Power 915",,,,,,
european-white-goose-850-fill-power-100-down-duvet,"European White Goose, 100% Down Duvet, Fill Power 850","<p>Premium Collection Duvet</p><p><strong>Weight:</strong><br />
Summer: for hot sleepers and warm bedrooms.<br />
All year: for temperature controlled bedrooms with relatively stable temperatures year-round.<br />
Winter: for cold sleepers and cold bedrooms.<br />
Polar: for ice cold bedrooms and very cold sleepers.</p>
<p>European White Goose, 100% down, fill power 850 (EU).</p>
<p>Highest fill power that is commercially available.</p>
<p>Huge down clusters with very good density and magnificent ability to trap air between the fibres for insulation and breathability.</p>
<p>The down has some cling, creating extra pockets of air in between the down clusters.</p>
<p>For those that prefer a lofty-looking duvet for aesthetic reasons, this collection can be chosen as Winter weight. It will work well all year round in air-conditioned bedrooms or bedrooms where the night-time temperatures are a few degrees chillier than during the day.</p>
<p>Available in Summer, All-year, Winter and Polar and therefore suitable for all climates and all possible personal preferences. Can also be tailor-made to suit individual tastes. Each duvet is made to order with a three week lead time.</p>
<p>We recommend to ship the duvet back to us every ten years for complete <a href=""https://www.norvegr.com/lifetime-products/"">restoration</a>. The down inside these duvets is very durable and can be restored up to five times without the quality decreasing – thereby lasting at least 60 years if maintained properly. The restoration cost is the retail price at time of restoration, divided by four. Shipping back and forth is extra, but thanks to a generous discount with our courier, costs are modest. We will gladly help arrange your product’s return to make the process as effortless as possible for you.</p>
#sp-ea-9981 .spcollapsing { height: 0; overflow: hidden; transition-property: height;transition-duration: 300ms;}#sp-ea-9981.sp-easy-accordion&gt;.sp-ea-single {margin-bottom: 10px; border: 1px solid #e2e2e2; }#sp-ea-9981.sp-easy-accordion&gt;.sp-ea-single&gt;.ea-header a {color: #444;}#sp-ea-9981.sp-easy-accordion&gt;.sp-ea-single&gt;.sp-collapse&gt;.ea-body {background: #fff; color: #444;}#sp-ea-9981.sp-easy-accordion&gt;.sp-ea-single {background: #eee;}#sp-ea-9981.sp-easy-accordion&gt;.sp-ea-single&gt;.ea-header a .ea-expand-icon { float: left; color: #bfa356;font-size: 16px;}<div id=""sp_easy_accordion-1785258065""><div id=""sp-ea-9981"" class=""sp-ea-one sp-easy-accordion"" data-ea-active=""ea-click"" data-ea-mode=""vertical"" data-preloader="""" data-scroll-active-item="""" data-offset-to-scroll=""0""><div class=""ea-card ea-expand sp-ea-single""><h3 class=""ea-header""><a class=""collapsed"" id=""ea-header-99810"" role=""button"" data-sptoggle=""spcollapse"" data-sptarget=""#collapse99810"" aria-controls=""collapse99810"" href=""#"" aria-expanded=""true""><i aria-hidden=""true"" role=""presentation"" class=""ea-expand-icon eap-icon-ea-expand-minus""></i> Duvet Buying Guide</a></h3><div class=""sp-collapse spcollapse collapsed show"" id=""collapse99810"" data-parent=""#sp-ea-9981"" role=""region"" aria-labelledby=""ea-header-99810""> <div class=""ea-body""><h2><a href=""/what-constitutes-a-good-duvet/"" target=""_blank"" rel=""noopener"">What constitutes a good duvet?</a></br><br /><a href=""/how-to-choose-between-our-duvet-collections/"" target=""_blank"" rel=""noopener"">How to Choose a Duvet Collection</a></br><br /><a href=""/choosing-your-perfect-duvet-size/"" target=""_blank"" rel=""noopener"">How to Choose a Duvet Size</a></br><br /><a href=""/how-to-choose-a-duvet-weight/"" target=""_blank"" rel=""noopener"">How to Choose a Duvet Weight</a></br><br /><a href=""/duvet-vs-comforter/"" target=""_blank"" rel=""noopener"">Duvet Vs Comforter</a></h2></div></div></div></div></div>
#sp-ea-7712 .spcollapsing { height: 0; overflow: hidden; transition-property: height;transition-duration: 300ms;}#sp-ea-7712.sp-easy-accordion&gt;.sp-ea-single {margin-bottom: 10px; border: 1px solid #e2e2e2; }#sp-ea-7712.sp-easy-accordion&gt;.sp-ea-single&gt;.ea-header a {color: #444;}#sp-ea-7712.sp-easy-accordion&gt;.sp-ea-single&gt;.sp-collapse&gt;.ea-body {background: #fff; color: #444;}#sp-ea-7712.sp-easy-accordion&gt;.sp-ea-single {background: #eee;}#sp-ea-7712.sp-easy-accordion&gt;.sp-ea-single&gt;.ea-header a .ea-expand-icon { float: left; color: #444;font-size: 16px;}<div id=""sp_easy_accordion-1785258065""><div id=""sp-ea-7712"" class=""sp-ea-one sp-easy-accordion"" data-ea-active=""ea-click"" data-ea-mode=""vertical"" data-preloader="""" data-scroll-active-item="""" data-offset-to-scroll=""0""><div class=""ea-card sp-ea-single""><h3 class=""ea-header""><a class=""collapsed"" id=""ea-header-77120"" role=""button"" data-sptoggle=""spcollapse"" data-sptarget=""#collapse77120"" aria-controls=""collapse77120"" href=""#"" aria-expanded=""false""><i aria-hidden=""true"" role=""presentation"" class=""ea-expand-icon eap-icon-ea-expand-plus""></i> What kind of down goes into the Premium collection duvets?</a></h3><div class=""sp-collapse spcollapse spcollapse"" id=""collapse77120"" data-parent=""#sp-ea-7712"" role=""region"" aria-labelledby=""ea-header-77120""> <div class=""ea-body""><p>Filled with among the best commercially available types of goose down there are, our Premium Collection duvets are our second best goose down duvets.</p><p>This luxury down is 100% European White Goose down &#8211; completely feather free. On the fill power scale, these duvets are 850, which is the highest one can acquire among commercially available down qualities.</p></div></div></div><div class=""ea-card sp-ea-single""><h3 class=""ea-header""><a class=""collapsed"" id=""ea-header-77121"" role=""button"" data-sptoggle=""spcollapse"" data-sptarget=""#collapse77121"" aria-controls=""collapse77121"" href=""#"" aria-expanded=""false""><i aria-hidden=""true"" role=""presentation"" class=""ea-expand-icon eap-icon-ea-expand-plus""></i> Tell me more about the European White Goose down</a></h3><div class=""sp-collapse spcollapse spcollapse"" id=""collapse77121"" data-parent=""#sp-ea-7712"" role=""region"" aria-labelledby=""ea-header-77121""> <div class=""ea-body""><p>This European White Goose down is heavenly soft, and so are these duvets. Each down cluster is among the largest obtainable for commercially available goose down qualities. They trap air like few other goose down quality out there.</p></div></div></div><div class=""ea-card sp-ea-single""><h3 class=""ea-header""><a class=""collapsed"" id=""ea-header-77122"" role=""button"" data-sptoggle=""spcollapse"" data-sptarget=""#collapse77122"" aria-controls=""collapse77122"" href=""#"" aria-expanded=""false""><i aria-hidden=""true"" role=""presentation"" class=""ea-expand-icon eap-icon-ea-expand-plus""></i> What this means for you</a></h3><div class=""sp-collapse spcollapse spcollapse"" id=""collapse77122"" data-parent=""#sp-ea-7712"" role=""region"" aria-labelledby=""ea-header-77122""> <div class=""ea-body""><p>These unique insulating abilities provide an impressive protection against both cold and warm temperatures. They will keep you at a perfect temperature throughout the night, no matter what climate you are sleeping in.</p><p>Our Premium Collection duvets are incredibly lightweight duvets, due to the extreme quality of this particular type of goose down.</p><p>An 850 fill power allows us to fill less down in these than we do for our <a href=""/product/luxury-goose-down-duvet/"" target=""_blank"" rel=""noopener"" aria-describedby=""a11y-new-window-message"">Classic Collection goose down duvets</a>, while getting the same volume of filling. This ultra lightweight quality allows for duvets that work very well in warmer climates as well as cooler ones.</p></div></div></div><div class=""ea-card sp-ea-single""><h3 class=""ea-header""><a class=""collapsed"" id=""ea-header-77123"" role=""button"" data-sptoggle=""spcollapse"" data-sptarget=""#collapse77123"" aria-controls=""collapse77123"" href=""#"" aria-expanded=""false""><i aria-hidden=""true"" role=""presentation"" class=""ea-expand-icon eap-icon-ea-expand-plus""></i> What other key features do these luxury duvets have?</a></h3><div class=""sp-collapse spcollapse spcollapse"" id=""collapse77123"" data-parent=""#sp-ea-7712"" role=""region"" aria-labelledby=""ea-header-77123""> <div class=""ea-body""><p>Filled in a channel constructed duvet casing made from the finest batiste, 100 % Egyptian cotton: The seams are hidden inside the casing on three sides, and there is no stitching.</p><p>Instead, we use baffle walls between the channels, to make sure that the down reaches everywhere inside the casing. This way, the duvet is equally as thick all the way through the channels, and you will not have any cold spots against your body.</p></div></div></div></div></div>",Norvegr,Duvets,"Duvets, Premium Collection, Top Picks",TRUE,Size,Double,Weight,All Year,,,,,,0,deny,manual,1409.10,,TRUE,TRUE,,https://cdn.shopify.com/s/files/1/1020/3765/1794/files/premium-down-duvets.jpg,1,"European White Goose, 100% Down Duvet, Fill Power 850",FALSE,"European White Goose, 100% Down Duvet, Fill Power 850",,,kg,active
european-white-goose-850-fill-power-100-down-duvet,,,,,,,Size,Emperor,Weight,All Year,,,,,,0,deny,manual,2363.53,,TRUE,TRUE,,,,,,,,,kg,
european-white-goose-850-fill-power-100-down-duvet,,,,,,,Size,King,Weight,All Year,,,,,,0,deny,manual,1612.01,,TRUE,TRUE,,,,,,,,,kg,
european-white-goose-850-fill-power-100-down-duvet,,,,,,,Size,Single,Weight,All Year,,,,,,0,deny,manual,992.01,,TRUE,TRUE,,,,,,,,,kg,
european-white-goose-850-fill-power-100-down-duvet,,,,,,,Size,Superking Extra Long,Weight,All Year,,,,,,0,deny,manual,1999.04,,TRUE,TRUE,,,,,,,,,kg,
european-white-goose-850-fill-power-100-down-duvet,,,,,,,Size,Superking,Weight,All Year,,,,,,0,deny,manual,1822.44,,TRUE,TRUE,,,,,,,,,kg,
european-white-goose-850-fill-power-100-down-duvet,,,,,,,Size,Double,Weight,Polar,,,,,,0,deny,manual,2461.23,,TRUE,TRUE,,,,,,,,,kg,
european-white-goose-850-fill-power-100-down-duvet,,,,,,,Size,Emperor,Weight,Polar,,,,,,0,deny,manual,4185.97,,TRUE,TRUE,,,,,,,,,kg,
european-white-goose-850-fill-power-100-down-duvet,,,,,,,Size,King,Weight,Polar,,,,,,0,deny,manual,2915.90,,TRUE,TRUE,,,,,,,,,kg,
european-white-goose-850-fill-power-100-down-duvet,,,,,,,Size,Single,Weight,Polar,,,,,,0,deny,manual,1769.83,,TRUE,TRUE,,,,,,,,,kg,
european-white-goose-850-fill-power-100-down-duvet,,,,,,,Size,Superking Extra Long,Weight,Polar,,,,,,0,deny,manual,3659.90,,TRUE,TRUE,,,,,,,,,kg,
european-white-goose-850-fill-power-100-down-duvet,,,,,,,Size,Superking,Weight,Polar,,,,,,0,deny,manual,3389.36,,TRUE,TRUE,,,,,,,,,kg,
european-white-goose-850-fill-power-100-down-duvet,,,,,,,Size,Double,Weight,Summer,,,,,,0,deny,manual,1146.07,,TRUE,TRUE,,,,,,,,,kg,
european-white-goose-850-fill-power-100-down-duvet,,,,,,,Size,Emperor,Weight,Summer,,,,,,0,deny,manual,2085.47,,TRUE,TRUE,,,,,,,,,kg,
european-white-goose-850-fill-power-100-down-duvet,,,,,,,Size,King,Weight,Summer,,,,,,0,deny,manual,1397.83,,TRUE,TRUE,,,,,,,,,kg,
european-white-goose-850-fill-power-100-down-duvet,,,,,,,Size,Single,Weight,Summer,,,,,,0,deny,manual,856.73,,TRUE,TRUE,,,,,,,,,kg,
european-white-goose-850-fill-power-100-down-duvet,,,,,,,Size,Superking Extra Long,Weight,Summer,,,,,,0,deny,manual,1754.80,,TRUE,TRUE,,,,,,,,,kg,
european-white-goose-850-fill-power-100-down-duvet,,,,,,,Size,Superking,Weight,Summer,,,,,,0,deny,manual,1574.43,,TRUE,TRUE,,,,,,,,,kg,
european-white-goose-850-fill-power-100-down-duvet,,,,,,,Size,Double,Weight,Winter,,,,,,0,deny,manual,1769.83,,TRUE,TRUE,,,,,,,,,kg,
european-white-goose-850-fill-power-100-down-duvet,,,,,,,Size,Emperor,Weight,Winter,,,,,,0,deny,manual,2994.81,,TRUE,TRUE,,,,,,,,,kg,
european-white-goose-850-fill-power-100-down-duvet,,,,,,,Size,King,Weight,Winter,,,,,,0,deny,manual,2092.98,,TRUE,TRUE,,,,,,,,,kg,
european-white-goose-850-fill-power-100-down-duvet,,,,,,,Size,Single,Weight,Winter,,,,,,0,deny,manual,1296.37,,TRUE,TRUE,,,,,,,,,kg,
european-white-goose-850-fill-power-100-down-duvet,,,,,,,Size,Superking Extra Long,Weight,Winter,,,,,,0,deny,manual,2555.17,,TRUE,TRUE,,,,,,,,,kg,
european-white-goose-850-fill-power-100-down-duvet,,,,,,,Size,Superking,Weight,Winter,,,,,,0,deny,manual,2382.32,,TRUE,TRUE,,,,,,,,,kg,
european-white-goose-850-fill-power-100-down-duvet,,,,,,,,,,,,,,,,,,,,,,,,https://cdn.shopify.com/s/files/1/1020/3765/1794/files/norwegian-down-duvets-pillows.jpg,2,"European White Goose, 100% Down Duvet, Fill Power 850",,,,,,
european-white-goose-850-fill-power-100-down-duvet,,,,,,,,,,,,,,,,,,,,,,,,https://cdn.shopify.com/s/files/1/1020/3765/1794/files/Packaging_023.jpg,3,"European White Goose, 100% Down Duvet, Fill Power 850",,,,,,
european-white-goose-850-fill-power-100-down-duvet,,,,,,,,,,,,,,,,,,,,,,,,https://cdn.shopify.com/s/files/1/1020/3765/1794/files/Rolled_Up_Duvet_013-1-Premium-scaled.jpg,4,"European White Goose, 100% Down Duvet, Fill Power 850",,,,,,
european-white-goose-850-fill-power-100-down-duvet,,,,,,,,,,,,,,,,,,,,,,,,https://cdn.shopify.com/s/files/1/1020/3765/1794/files/Rolled_up_Duvet_106-copy-2-Premium-scaled.jpg,5,"European White Goose, 100% Down Duvet, Fill Power 850",,,,,,
european-white-goose-850-fill-power-100-down-duvet,,,,,,,,,,,,,,,,,,,,,,,,https://cdn.shopify.com/s/files/1/1020/3765/1794/files/Rolled_up_Duvet_112-copy-2-Premium-scaled.jpg,6,"European White Goose, 100% Down Duvet, Fill Power 850",,,,,,
european-white-goose-850-fill-power-100-down-duvet,,,,,,,,,,,,,,,,,,,,,,,,https://cdn.shopify.com/s/files/1/1020/3765/1794/files/Rolled_up_Duvet_112-copy-Premium-Plus-scaled.jpg,7,"European White Goose, 100% Down Duvet, Fill Power 850",,,,,,
luxury-goose-down-duvet,"European White Goose, 90% Down Duvet, Fill Power 755","<p>Classic Collection Duvet</p><p><strong>Weight:</strong><br />
Summer: for hot sleepers and warm bedrooms.<br />
All year: for temperature controlled bedrooms with relatively stable temperatures year-round.<br />
Winter: for cold sleepers and cold bedrooms.<br />
Polar: for ice cold bedrooms and very cold sleepers.</p>
<p>European White Goose, 90% down and 10% feathers, fill power 755 (EU).</p>
<p>Greatly exceeds the worldwide threshold for luxury at 600-700 fill power (EU).</p>
<p>Large and airy down clusters with good density and ability to trap air between the fibres for insulation and breathability.</p>
<p>Available in Summer, All-year, Winter and Polar and therefore suitable for all climates and all possible personal preferences. Can also be tailor-made to individual tastes. Each duvet is made to order with a three week lead time.</p>
<p>We recommend to ship the duvet back to us every ten years for complete <a href=""https://www.norvegr.com/lifetime-products/"">restoration</a>. The down inside these duvets is very durable and can be restored up to four times without the quality decreasing – thereby lasting at least 50 years if maintained properly. The restoration cost is the retail price at time of restoration, divided by four. Shipping back and forth is extra, but thanks to a generous discount with our courier, costs are modest. We will gladly help arrange your product’s return to make the process as effortless as possible for you.</p>
#sp-ea-9981 .spcollapsing { height: 0; overflow: hidden; transition-property: height;transition-duration: 300ms;}#sp-ea-9981.sp-easy-accordion&gt;.sp-ea-single {margin-bottom: 10px; border: 1px solid #e2e2e2; }#sp-ea-9981.sp-easy-accordion&gt;.sp-ea-single&gt;.ea-header a {color: #444;}#sp-ea-9981.sp-easy-accordion&gt;.sp-ea-single&gt;.sp-collapse&gt;.ea-body {background: #fff; color: #444;}#sp-ea-9981.sp-easy-accordion&gt;.sp-ea-single {background: #eee;}#sp-ea-9981.sp-easy-accordion&gt;.sp-ea-single&gt;.ea-header a .ea-expand-icon { float: left; color: #bfa356;font-size: 16px;}<div id=""sp_easy_accordion-1785258087""><div id=""sp-ea-9981"" class=""sp-ea-one sp-easy-accordion"" data-ea-active=""ea-click"" data-ea-mode=""vertical"" data-preloader="""" data-scroll-active-item="""" data-offset-to-scroll=""0""><div class=""ea-card ea-expand sp-ea-single""><h3 class=""ea-header""><a class=""collapsed"" id=""ea-header-99810"" role=""button"" data-sptoggle=""spcollapse"" data-sptarget=""#collapse99810"" aria-controls=""collapse99810"" href=""#"" aria-expanded=""true""><i aria-hidden=""true"" role=""presentation"" class=""ea-expand-icon eap-icon-ea-expand-minus""></i> Duvet Buying Guide</a></h3><div class=""sp-collapse spcollapse collapsed show"" id=""collapse99810"" data-parent=""#sp-ea-9981"" role=""region"" aria-labelledby=""ea-header-99810""> <div class=""ea-body""><h2><a href=""/what-constitutes-a-good-duvet/"" target=""_blank"" rel=""noopener"">What constitutes a good duvet?</a></br><br /><a href=""/how-to-choose-between-our-duvet-collections/"" target=""_blank"" rel=""noopener"">How to Choose a Duvet Collection</a></br><br /><a href=""/choosing-your-perfect-duvet-size/"" target=""_blank"" rel=""noopener"">How to Choose a Duvet Size</a></br><br /><a href=""/how-to-choose-a-duvet-weight/"" target=""_blank"" rel=""noopener"">How to Choose a Duvet Weight</a></br><br /><a href=""/duvet-vs-comforter/"" target=""_blank"" rel=""noopener"">Duvet Vs Comforter</a></h2></div></div></div></div></div>
#sp-ea-7711 .spcollapsing { height: 0; overflow: hidden; transition-property: height;transition-duration: 300ms;}#sp-ea-7711.sp-easy-accordion&gt;.sp-ea-single {margin-bottom: 10px; border: 1px solid #e2e2e2; }#sp-ea-7711.sp-easy-accordion&gt;.sp-ea-single&gt;.ea-header a {color: #444;}#sp-ea-7711.sp-easy-accordion&gt;.sp-ea-single&gt;.sp-collapse&gt;.ea-body {background: #fff; color: #444;}#sp-ea-7711.sp-easy-accordion&gt;.sp-ea-single {background: #eee;}#sp-ea-7711.sp-easy-accordion&gt;.sp-ea-single&gt;.ea-header a .ea-expand-icon { float: left; color: #444;font-size: 16px;}<div id=""sp_easy_accordion-1785258087""><div id=""sp-ea-7711"" class=""sp-ea-one sp-easy-accordion"" data-ea-active=""ea-click"" data-ea-mode=""vertical"" data-preloader="""" data-scroll-active-item="""" data-offset-to-scroll=""0""><div class=""ea-card sp-ea-single""><h3 class=""ea-header""><a class=""collapsed"" id=""ea-header-77110"" role=""button"" data-sptoggle=""spcollapse"" data-sptarget=""#collapse77110"" aria-controls=""collapse77110"" href=""#"" aria-expanded=""false""><i aria-hidden=""true"" role=""presentation"" class=""ea-expand-icon eap-icon-ea-expand-plus""></i> What kind of down goes into the Classic Collection duvets?</a></h3><div class=""sp-collapse spcollapse spcollapse"" id=""collapse77110"" data-parent=""#sp-ea-7711"" role=""region"" aria-labelledby=""ea-header-77110""> <div class=""ea-body""><p>Our Classic Collection duvets are pure goose, 90% down duvets. They are filled with soft and luxurious down, and the highly modest portion of small and soft feathers are not noticeable.</p><p>An impressive down quality, with a fill power of 755<span style=""font-size: 16px"">. This well exceeds the European watermark for luxury at 600, so even though this is our entry-level collection, its performance belongs in the high end, luxury bedding world.</span></p><p>Being pure goose and nearly pure down, its fill power is naturally higher than that of duck down, due to these geese producing larger down clusters. And, the unique softness that only goose down provides gives an additional advantage and level of comfort.</p></div></div></div><div class=""ea-card sp-ea-single""><h3 class=""ea-header""><a class=""collapsed"" id=""ea-header-77111"" role=""button"" data-sptoggle=""spcollapse"" data-sptarget=""#collapse77111"" aria-controls=""collapse77111"" href=""#"" aria-expanded=""false""><i aria-hidden=""true"" role=""presentation"" class=""ea-expand-icon eap-icon-ea-expand-plus""></i> What does this mean for you?</a></h3><div class=""sp-collapse spcollapse spcollapse"" id=""collapse77111"" data-parent=""#sp-ea-7711"" role=""region"" aria-labelledby=""ea-header-77111""> <div class=""ea-body""><p>High fill power equates to trapping generous amounts of air, which provides better insulating and breathing abilities.</p><p>These luxury duvets will keep you nice and warm and, at the same time, release excess warmth and moisture. Your body temperature will keep nice and balanced throughout the night and you will avoid waking up either too cold or too hot.</p></div></div></div><div class=""ea-card sp-ea-single""><h3 class=""ea-header""><a class=""collapsed"" id=""ea-header-77112"" role=""button"" data-sptoggle=""spcollapse"" data-sptarget=""#collapse77112"" aria-controls=""collapse77112"" href=""#"" aria-expanded=""false""><i aria-hidden=""true"" role=""presentation"" class=""ea-expand-icon eap-icon-ea-expand-plus""></i> What other key features do these duvets have?</a></h3><div class=""sp-collapse spcollapse spcollapse"" id=""collapse77112"" data-parent=""#sp-ea-7711"" role=""region"" aria-labelledby=""ea-header-77112""> <div class=""ea-body""><p>Filled in a channel constructed duvet casing made from the finest batiste, 100 % Egyptian cotton: The seams are hidden inside the casing on three sides, and there is no stitching.</p><p>Instead, we use baffle walls between the channels, to make sure that the down reaches everywhere inside the casing. This way, the duvet is equally as thick all the way through the channels, and you will not have any cold spots against your body.</p></div></div></div></div></div>",Norvegr,Duvets,"Duvets, Classic Collection",TRUE,Size,Single,Weight,All Year,,,,,,0,deny,manual,845.46,,TRUE,TRUE,,https://cdn.shopify.com/s/files/1/1020/3765/1794/files/classic-down-duvets.jpg,1,"European White Goose, 90% Down Duvet, Fill Power 755",FALSE,"European White Goose, 90% Down Duvet, Fill Power 755",,,kg,active
luxury-goose-down-duvet,,,,,,,Size,Double,Weight,All Year,,,,,,0,deny,manual,1131.04,,TRUE,TRUE,,,,,,,,,kg,
luxury-goose-down-duvet,,,,,,,Size,King,Weight,All Year,,,,,,0,deny,manual,1330.19,,TRUE,TRUE,,,,,,,,,kg,
luxury-goose-down-duvet,,,,,,,Size,Superking,Weight,All Year,,,,,,0,deny,manual,1499.28,,TRUE,TRUE,,,,,,,,,kg,
luxury-goose-down-duvet,,,,,,,Size,Superking Extra Long,Weight,All Year,,,,,,0,deny,manual,1615.77,,TRUE,TRUE,,,,,,,,,kg,
luxury-goose-down-duvet,,,,,,,Size,Emperor,Weight,All Year,,,,,,0,deny,manual,1931.41,,TRUE,TRUE,,,,,,,,,kg,
luxury-goose-down-duvet,,,,,,,Size,Single,Weight,Polar,,,,,,0,deny,manual,1371.52,,TRUE,TRUE,,,,,,,,,kg,
luxury-goose-down-duvet,,,,,,,Size,Double,Weight,Polar,,,,,,0,deny,manual,1890.07,,TRUE,TRUE,,,,,,,,,kg,
luxury-goose-down-duvet,,,,,,,Size,King,Weight,Polar,,,,,,0,deny,manual,2201.95,,TRUE,TRUE,,,,,,,,,kg,
luxury-goose-down-duvet,,,,,,,Size,Superking,Weight,Polar,,,,,,0,deny,manual,2547.65,,TRUE,TRUE,,,,,,,,,kg,
luxury-goose-down-duvet,,,,,,,Size,Superking Extra Long,Weight,Polar,,,,,,0,deny,manual,2765.59,,TRUE,TRUE,,,,,,,,,kg,
luxury-goose-down-duvet,,,,,,,Size,Emperor,Weight,Polar,,,,,,0,deny,manual,3306.69,,TRUE,TRUE,,,,,,,,,kg,
luxury-goose-down-duvet,,,,,,,Size,Single,Weight,Summer,,,,,,0,deny,manual,732.73,,TRUE,TRUE,,,,,,,,,kg,
luxury-goose-down-duvet,,,,,,,Size,Double,Weight,Summer,,,,,,0,deny,manual,976.98,,TRUE,TRUE,,,,,,,,,kg,
luxury-goose-down-duvet,,,,,,,Size,King,Weight,Summer,,,,,,0,deny,manual,1153.58,,TRUE,TRUE,,,,,,,,,kg,
luxury-goose-down-duvet,,,,,,,Size,Superking,Weight,Summer,,,,,,0,deny,manual,1296.37,,TRUE,TRUE,,,,,,,,,kg,
luxury-goose-down-duvet,,,,,,,Size,Superking Extra Long,Weight,Summer,,,,,,0,deny,manual,1412.86,,TRUE,TRUE,,,,,,,,,kg,
luxury-goose-down-duvet,,,,,,,Size,Emperor,Weight,Summer,,,,,,0,deny,manual,1694.68,,TRUE,TRUE,,,,,,,,,kg,
luxury-goose-down-duvet,,,,,,,Size,Single,Weight,Winter,,,,,,0,deny,manual,1067.16,,TRUE,TRUE,,,,,,,,,kg,
luxury-goose-down-duvet,,,,,,,Size,Double,Weight,Winter,,,,,,0,deny,manual,1446.68,,TRUE,TRUE,,,,,,,,,kg,
luxury-goose-down-duvet,,,,,,,Size,King,Weight,Winter,,,,,,0,deny,manual,1683.40,,TRUE,TRUE,,,,,,,,,kg,
luxury-goose-down-duvet,,,,,,,Size,Superking,Weight,Winter,,,,,,0,deny,manual,1908.86,,TRUE,TRUE,,,,,,,,,kg,
luxury-goose-down-duvet,,,,,,,Size,Superking Extra Long,Weight,Winter,,,,,,0,deny,manual,2029.10,,TRUE,TRUE,,,,,,,,,kg,
luxury-goose-down-duvet,,,,,,,Size,Emperor,Weight,Winter,,,,,,0,deny,manual,2397.35,,TRUE,TRUE,,,,,,,,,kg,
luxury-goose-down-duvet,,,,,,,,,,,,,,,,,,,,,,,,https://cdn.shopify.com/s/files/1/1020/3765/1794/files/Packaging_023.jpg,2,"European White Goose, 90% Down Duvet, Fill Power 755",,,,,,
luxury-goose-down-duvet,,,,,,,,,,,,,,,,,,,,,,,,https://cdn.shopify.com/s/files/1/1020/3765/1794/files/Rolled_Up_Duvet_009-1.Classic-scaled.jpg,3,"European White Goose, 90% Down Duvet, Fill Power 755",,,,,,
luxury-goose-down-duvet,,,,,,,,,,,,,,,,,,,,,,,,https://cdn.shopify.com/s/files/1/1020/3765/1794/files/Rolled_up_Duvet_091-copy-3.Classic-scaled.jpg,4,"European White Goose, 90% Down Duvet, Fill Power 755",,,,,,
luxury-goose-down-duvet,,,,,,,,,,,,,,,,,,,,,,,,https://cdn.shopify.com/s/files/1/1020/3765/1794/files/Rolled_up_Duvet_106.Classic-scaled.jpg,5,"European White Goose, 90% Down Duvet, Fill Power 755",,,,,,
luxury-goose-down-duvet,,,,,,,,,,,,,,,,,,,,,,,,https://cdn.shopify.com/s/files/1/1020/3765/1794/files/Rolled_up_Duvet_112.Classic-scaled.jpg,6,"European White Goose, 90% Down Duvet, Fill Power 755",,,,,,
luxury-travel-bedding-set-with-leather-holdall,Luxury Travel Bedding Set with Leather Holdall,"<p><strong>Outer:</strong> calfhide leather holdall in black (powder coated black hardware), navy (nickel hardware) or tan (nickel hardware).</p>
<p><strong>Inner:</strong> 100 % goose down duvet and pillow, covered with 400 thread count cotton sateen bed linen.</p>
<p><strong>Duvet and duvet cover:</strong> 140 x 200 cm (55&#8243; x 79&#8243;), pillow and pillowcase: 50 x 70 cm (20&#8243; x 28&#8243;).</p>
<p><em>Our travel bedding set was inspired by a combination of the often seen travel pillow, plus several of our trusted customers saying that they missed the comforts of their Norvegr duvet and pillow while they were away from home.</em></p>
<h4>What does the travel bedding set include?</h4>
<p>Each set includes a single <a href=""https://www.norvegr.com/product/european-white-goose-755-fill-power-90-down-duvet-classic-collection/"" target=""_blank"" rel=""noopener"">summer down duvet</a> and <a href=""https://www.norvegr.com/product/european-white-goose-fill-power-625-90-down-10-feathers-pillows/"" target=""_blank"" rel=""noopener"">medium fill pillow</a> – both from our <a href=""https://www.norvegr.com/collections/classic-collection/"" target=""_blank"" rel=""noopener"">Classic Collection</a> – as well as a super soft all white Egyptian cotton satin duvet cover and pillowcase, thread count 400.</p>
<p>Everything packs down tidily within a sleek holdall in supple leather, which is available in black, navy or tan.</p>
<h4>What makes this travel bedding set so luxurious?</h4>
<p>As always, the Norvegr signature manufacturing process is channel constructed duvets, combined with the best qualities of pure down, without feathers.</p>
<p>Using only the finest materials available, the result is an ultra light duvet that naturally regulates moisture and temperature.</p>
<p><em>The Travel Bedding Set was developed as an excellent travel companion. An elite travel essential for the jetsetter, camper or festival goer.</em></p>
<p>May we help you? Please <a href=""https://www.norvegr.com/contact-us/"" target=""_blank"" rel=""noopener"" aria-describedby=""a11y-external-message"">click here</a> to find out our <a href=""https://www.norvegr.com/contact-us/"" target=""_blank"" rel=""noopener"">contact information</a>. We will then get back to you with our recommendations, according to the information that you give us.</p>
<p>Or, for bespoke or made-to-measure duvets, please do <a href=""https://www.norvegr.com/contact-us/"" target=""_blank"" rel=""noopener noreferrer"" aria-describedby=""a11y-new-window-message"">get in touch</a>.</p>",Norvegr,Travel Sets,Travel Sets,TRUE,Colour,Black,,,,,,,,0,deny,manual,1766.07,,TRUE,TRUE,,https://cdn.shopify.com/s/files/1/1020/3765/1794/files/luxury-travel-bedding-sets.jpg,1,Luxury Travel Bedding Set with Leather Holdall,FALSE,Luxury Travel Bedding Set with Leather Holdall,,,kg,active
luxury-travel-bedding-set-with-leather-holdall,,,,,,,Colour,Navy,,,,,,,,0,deny,manual,1766.07,,TRUE,TRUE,,,,,,,,,kg,
luxury-travel-bedding-set-with-leather-holdall,,,,,,,Colour,Tan,,,,,,,,0,deny,manual,1766.07,,TRUE,TRUE,,,,,,,,,kg,
luxury-travel-bedding-set-with-leather-holdall,,,,,,,,,,,,,,,,,,,,,,,,https://cdn.shopify.com/s/files/1/1020/3765/1794/files/luxury-travel-bedding-sets.jpg,2,Luxury Travel Bedding Set with Leather Holdall,,,,,,
luxury-travel-bedding-set-with-leather-holdall,,,,,,,,,,,,,,,,,,,,,,,,https://cdn.shopify.com/s/files/1/1020/3765/1794/files/black-travel-bedding-luxury.jpg,3,Luxury Travel Bedding Set with Leather Holdall,,,,,,
luxury-travel-bedding-set-with-leather-holdall,,,,,,,,,,,,,,,,,,,,,,,,https://cdn.shopify.com/s/files/1/1020/3765/1794/files/tan-leather-luxury-travel-set.jpg,4,Luxury Travel Bedding Set with Leather Holdall,,,,,,
luxury-travel-bedding-set-with-leather-holdall,,,,,,,,,,,,,,,,,,,,,,,,https://cdn.shopify.com/s/files/1/1020/3765/1794/files/travel-bedding-set-navy.jpg,5,Luxury Travel Bedding Set with Leather Holdall,,,,,,
luxury-travel-bedding-set-with-leather-holdall,,,,,,,,,,,,,,,,,,,,,,,,https://cdn.shopify.com/s/files/1/1020/3765/1794/files/luxury-travel-bedding.jpg,6,Luxury Travel Bedding Set with Leather Holdall,,,,,,
luxury-travel-bedding-set-with-leather-holdall,,,,,,,,,,,,,,,,,,,,,,,,https://cdn.shopify.com/s/files/1/1020/3765/1794/files/luxury-travel-bedding-leather-bag.jpg,7,Luxury Travel Bedding Set with Leather Holdall,,,,,,
luxury-travel-bedding-set-with-leather-holdall,,,,,,,,,,,,,,,,,,,,,,,,https://cdn.shopify.com/s/files/1/1020/3765/1794/files/travel-bedding.jpg,8,Luxury Travel Bedding Set with Leather Holdall,,,,,,
european-white-goose-down-pillows,"European White Goose, 100% Down Pillows, Fill Power 830","<p>Premium Collection Pillow</p><p>* Fill Power Explained: Fill power indicates how many cubic inches are occupied by one ounce of down. Higher fill power means larger, fluffier and denser down, providing better heat modulation while also being lighter in weight as less feathers are used.</p>
<p>European White Goose down, 100% down, no feathers. Fill power 830 (EU).</p>
<p>Each size is available in soft, medium and firm versions.</p>
<p>The price is per single pillow. Each pillow is made to order with a three week lead time.</p>
<p>Our most luxurious pillows are 100% pure goose down without feathers. Each down cluster is huge, resulting in a pillow that feels like resting your head on a cloud. It’s the option for those who want only the best out of life. This is our softest pillow collection.</p>
<p>We recommend to ship the pillow back to us every five years for complete <a href=""https://www.norvegr.com/lifetime-products/"">restoration</a>. The down inside these pillows is very durable and can be restored up to four times without the quality decreasing – thereby lasting at least 25 years if maintained properly. The restoration cost is the retail price at time of restoration, divided by four. Shipping back and forth is extra, but thanks to a generous discount with our courier, costs are modest. We will gladly help arrange your product’s return to make the process as effortless as possible for you.</p>
#sp-ea-10005 .spcollapsing { height: 0; overflow: hidden; transition-property: height;transition-duration: 300ms;}#sp-ea-10005.sp-easy-accordion&gt;.sp-ea-single {margin-bottom: 10px; border: 1px solid #e2e2e2; }#sp-ea-10005.sp-easy-accordion&gt;.sp-ea-single&gt;.ea-header a {color: #444;}#sp-ea-10005.sp-easy-accordion&gt;.sp-ea-single&gt;.sp-collapse&gt;.ea-body {background: #fff; color: #444;}#sp-ea-10005.sp-easy-accordion&gt;.sp-ea-single {background: #eee;}#sp-ea-10005.sp-easy-accordion&gt;.sp-ea-single&gt;.ea-header a .ea-expand-icon { float: left; color: #bfa356;font-size: 16px;}<div id=""sp_easy_accordion-1785258113""><div id=""sp-ea-10005"" class=""sp-ea-one sp-easy-accordion"" data-ea-active=""ea-click"" data-ea-mode=""vertical"" data-preloader="""" data-scroll-active-item="""" data-offset-to-scroll=""0""><div class=""ea-card ea-expand sp-ea-single""><h3 class=""ea-header""><a class=""collapsed"" id=""ea-header-100050"" role=""button"" data-sptoggle=""spcollapse"" data-sptarget=""#collapse100050"" aria-controls=""collapse100050"" href=""#"" aria-expanded=""true""><i aria-hidden=""true"" role=""presentation"" class=""ea-expand-icon eap-icon-ea-expand-minus""></i> Pillow Buying Guide</a></h3><div class=""sp-collapse spcollapse collapsed show"" id=""collapse100050"" data-parent=""#sp-ea-10005"" role=""region"" aria-labelledby=""ea-header-100050""> <div class=""ea-body""><h2><a href=""/what-constitutes-a-good-pillow/"" target=""_blank"" rel=""noopener"">What constitutes a good pillow?</a><br /></br><br /><a href=""/how-to-choose-a-pillow/"" target=""_blank"" rel=""noopener"">How to Choose a Pillow</a></h2></div></div></div></div></div>",Norvegr,Pillows,"Pillows, Premium Collection, Top Picks",TRUE,Size,Boudoir,Firmness,Firm,,,,,,0,deny,manual,285.58,,TRUE,TRUE,,https://cdn.shopify.com/s/files/1/1020/3765/1794/files/european-goose-100-down-pillows.jpg,1,"European White Goose, 100% Down Pillows, Fill Power 830",FALSE,"European White Goose, 100% Down Pillows, Fill Power 830",,,kg,active
european-white-goose-down-pillows,,,,,,,Size,Boudoir,Firmness,Soft,,,,,,0,deny,manual,214.18,,TRUE,TRUE,,,,,,,,,kg,
european-white-goose-down-pillows,,,,,,,Size,Boudoir,Firmness,Medium,,,,,,0,deny,manual,240.49,,TRUE,TRUE,,,,,,,,,kg,
european-white-goose-down-pillows,,,,,,,Size,Euro/Square,Firmness,Firm,,,,,,0,deny,manual,841.70,,TRUE,TRUE,,,,,,,,,kg,
european-white-goose-down-pillows,,,,,,,Size,Euro/Square,Firmness,Medium,,,,,,0,deny,manual,740.25,,TRUE,TRUE,,,,,,,,,kg,
european-white-goose-down-pillows,,,,,,,Size,Euro/Square,Firmness,Soft,,,,,,0,deny,manual,638.79,,TRUE,TRUE,,,,,,,,,kg,
european-white-goose-down-pillows,,,,,,,Size,Boudoir XL,Firmness,Firm,,,,,,0,deny,manual,353.21,,TRUE,TRUE,,,,,,,,,kg,
european-white-goose-down-pillows,,,,,,,Size,Boudoir XL,Firmness,Soft,,,,,,0,deny,manual,266.79,,TRUE,TRUE,,,,,,,,,kg,
european-white-goose-down-pillows,,,,,,,Size,King,Firmness,Firm,,,,,,0,deny,manual,841.70,,TRUE,TRUE,,,,,,,,,kg,
european-white-goose-down-pillows,,,,,,,Size,King,Firmness,Medium,,,,,,0,deny,manual,740.25,,TRUE,TRUE,,,,,,,,,kg,
european-white-goose-down-pillows,,,,,,,Size,King,Firmness,Soft,,,,,,0,deny,manual,638.79,,TRUE,TRUE,,,,,,,,,kg,
european-white-goose-down-pillows,,,,,,,Size,Boudoir XL,Firmness,Medium,,,,,,0,deny,manual,296.85,,TRUE,TRUE,,,,,,,,,kg,
european-white-goose-down-pillows,,,,,,,Size,Standard,Firmness,Firm,,,,,,0,deny,manual,642.55,,TRUE,TRUE,,,,,,,,,kg,
european-white-goose-down-pillows,,,,,,,Size,Standard,Firmness,Medium,,,,,,0,deny,manual,559.88,,TRUE,TRUE,,,,,,,,,kg,
european-white-goose-down-pillows,,,,,,,Size,Standard,Firmness,Soft,,,,,,0,deny,manual,477.22,,TRUE,TRUE,,,,,,,,,kg,
european-white-goose-down-pillows,,,,,,,,,,,,,,,,,,,,,,,,https://cdn.shopify.com/s/files/1/1020/3765/1794/files/Pillow_044-scaled.jpg,2,"European White Goose, 100% Down Pillows, Fill Power 830",,,,,,
european-white-goose-down-pillows,,,,,,,,,,,,,,,,,,,,,,,,https://cdn.shopify.com/s/files/1/1020/3765/1794/files/Pillow_079-scaled.jpg,3,"European White Goose, 100% Down Pillows, Fill Power 830",,,,,,
european-white-goose-down-pillows,,,,,,,,,,,,,,,,,,,,,,,,https://cdn.shopify.com/s/files/1/1020/3765/1794/files/Pillow_Down_005-Premium.jpg,4,"European White Goose, 100% Down Pillows, Fill Power 830",,,,,,
duck-goose-down-pillows,"European White Goose, 90% Down Pillows, Fill Power 625","<p>Classic Collection</p><p>European White Goose down, 90% down and 10% feathers. Fill power 625 (EU).</p>
<p>Each size is available in low, medium and high versions.</p>
<p>The price is per single pillow. Each pillow is made to order with a three week lead time.</p>
<p>These are exactly in the middle of our firmness scale and offer a blend of support, bounce and softness. This is the optimal collection for those desiring the best of both worlds – softness and firmness. The small, soft feathers never poke out of the pillow.</p>
<p>We recommend to ship the pillow back to us every five years for complete <a href=""https://www.norvegr.com/lifetime-products/"">restoration</a>. The down inside these pillows is very durable and can be restored up to four times without the quality decreasing – thereby lasting at least 25 years if maintained properly. The restoration cost is the retail price at the time of restoration, divided by four. Shipping back and forth is extra, but thanks to a generous discount with our courier, costs are modest. We will gladly help arrange your product’s return to make the process as effortless as possible for you.</p>
<p>&nbsp;</p>
#sp-ea-10005 .spcollapsing { height: 0; overflow: hidden; transition-property: height;transition-duration: 300ms;}#sp-ea-10005.sp-easy-accordion&gt;.sp-ea-single {margin-bottom: 10px; border: 1px solid #e2e2e2; }#sp-ea-10005.sp-easy-accordion&gt;.sp-ea-single&gt;.ea-header a {color: #444;}#sp-ea-10005.sp-easy-accordion&gt;.sp-ea-single&gt;.sp-collapse&gt;.ea-body {background: #fff; color: #444;}#sp-ea-10005.sp-easy-accordion&gt;.sp-ea-single {background: #eee;}#sp-ea-10005.sp-easy-accordion&gt;.sp-ea-single&gt;.ea-header a .ea-expand-icon { float: left; color: #bfa356;font-size: 16px;}<div id=""sp_easy_accordion-1785258128""><div id=""sp-ea-10005"" class=""sp-ea-one sp-easy-accordion"" data-ea-active=""ea-click"" data-ea-mode=""vertical"" data-preloader="""" data-scroll-active-item="""" data-offset-to-scroll=""0""><div class=""ea-card ea-expand sp-ea-single""><h3 class=""ea-header""><a class=""collapsed"" id=""ea-header-100050"" role=""button"" data-sptoggle=""spcollapse"" data-sptarget=""#collapse100050"" aria-controls=""collapse100050"" href=""#"" aria-expanded=""true""><i aria-hidden=""true"" role=""presentation"" class=""ea-expand-icon eap-icon-ea-expand-minus""></i> Pillow Buying Guide</a></h3><div class=""sp-collapse spcollapse collapsed show"" id=""collapse100050"" data-parent=""#sp-ea-10005"" role=""region"" aria-labelledby=""ea-header-100050""> <div class=""ea-body""><h2><a href=""/what-constitutes-a-good-pillow/"" target=""_blank"" rel=""noopener"">What constitutes a good pillow?</a><br /></br><br /><a href=""/how-to-choose-a-pillow/"" target=""_blank"" rel=""noopener"">How to Choose a Pillow</a></h2></div></div></div></div></div>
<p>&nbsp;</p>
<p>&nbsp;</p>",Norvegr,Pillows,"Pillows, Classic Collection",TRUE,Size,Boudoir,Firmness,Firm,,,,,,0,deny,manual,176.61,,TRUE,TRUE,,https://cdn.shopify.com/s/files/1/1020/3765/1794/files/100-percent-down-pillows.jpg,1,"European White Goose, 90% Down Pillows, Fill Power 625",FALSE,"European White Goose, 90% Down Pillows, Fill Power 625",,,kg,active
duck-goose-down-pillows,,,,,,,Size,Boudoir,Firmness,Medium,,,,,,0,deny,manual,150.30,,TRUE,TRUE,,,,,,,,,kg,
duck-goose-down-pillows,,,,,,,Size,Boudoir,Firmness,Soft,,,,,,0,deny,manual,131.52,,TRUE,TRUE,,,,,,,,,kg,
duck-goose-down-pillows,,,,,,,Size,Euro/Square,Firmness,Soft,,,,,,0,deny,manual,375.76,,TRUE,TRUE,,,,,,,,,kg,
duck-goose-down-pillows,,,,,,,Size,Euro/Square,Firmness,Medium,,,,,,0,deny,manual,424.61,,TRUE,TRUE,,,,,,,,,kg,
duck-goose-down-pillows,,,,,,,Size,Euro/Square,Firmness,Firm,,,,,,0,deny,manual,469.70,,TRUE,TRUE,,,,,,,,,kg,
duck-goose-down-pillows,,,,,,,Size,Boudoir XL,Firmness,Firm,,,,,,0,deny,manual,217.94,,TRUE,TRUE,,,,,,,,,kg,
duck-goose-down-pillows,,,,,,,Size,Boudoir XL,Firmness,Soft,,,,,,0,deny,manual,161.58,,TRUE,TRUE,,,,,,,,,kg,
duck-goose-down-pillows,,,,,,,Size,King,Firmness,Firm,,,,,,0,deny,manual,469.70,,TRUE,TRUE,,,,,,,,,kg,
duck-goose-down-pillows,,,,,,,Size,King,Firmness,Medium,,,,,,0,deny,manual,424.61,,TRUE,TRUE,,,,,,,,,kg,
duck-goose-down-pillows,,,,,,,Size,King,Firmness,Soft,,,,,,0,deny,manual,375.76,,TRUE,TRUE,,,,,,,,,kg,
duck-goose-down-pillows,,,,,,,Size,Standard,Firmness,Firm,,,,,,0,deny,manual,372.00,,TRUE,TRUE,,,,,,,,,kg,
duck-goose-down-pillows,,,,,,,Size,Standard,Firmness,Medium,,,,,,0,deny,manual,334.43,,TRUE,TRUE,,,,,,,,,kg,
duck-goose-down-pillows,,,,,,,Size,Standard,Firmness,Soft,,,,,,0,deny,manual,296.85,,TRUE,TRUE,,,,,,,,,kg,
duck-goose-down-pillows,,,,,,,Size,Boudoir XL,Firmness,Medium,,,,,,0,deny,manual,187.88,,TRUE,TRUE,,,,,,,,,kg,
duck-goose-down-pillows,,,,,,,,,,,,,,,,,,,,,,,,https://cdn.shopify.com/s/files/1/1020/3765/1794/files/duck-goose-down-feather-mix-pillow.png,2,"European White Goose, 90% Down Pillows, Fill Power 625",,,,,,
duck-goose-down-pillows,,,,,,,,,,,,,,,,,,,,,,,,https://cdn.shopify.com/s/files/1/1020/3765/1794/files/Pillow_053-scaled.jpg,3,"European White Goose, 90% Down Pillows, Fill Power 625",,,,,,
duck-goose-down-pillows,,,,,,,,,,,,,,,,,,,,,,,,https://cdn.shopify.com/s/files/1/1020/3765/1794/files/Pillow_081-scaled.jpg,4,"European White Goose, 90% Down Pillows, Fill Power 625",,,,,,
duck-goose-down-and-feather-pillows,"European White Goose, 60% Down Pillows, Fill Power 500","<p>Standard Collection</p><p>European White Goose down, 60% down and 40% feathers. Fill power 500 (EU).</p>
<p>Each size is available in low, medium and high versions.</p>
<p>The price is per single pillow. Each pillow is made to order with a three week lead time.</p>
<p>This is our firmest pillow collection, and the firmness comes from the proportion of feathers. As the feathers are small and soft, they will never migrate out of the pillows. Please note that if you are looking for those really firm pillows one sometimes comes across in hotels, where your head barely sinks into the pillow, our Standard Collection pillows will feel a lot softer. Choosing the firm version will get you as close as we are willing to go.</p>
<p>We recommend to ship the pillow back to us every five years for complete <a href=""https://www.norvegr.com/lifetime-products/"">restoration</a>. The down inside these pillows is very durable and can be restored up to four times without the quality decreasing – thereby lasting at least 25 years if maintained properly. The restoration cost is the retail price at the time of restoration, divided by four. Shipping back and forth is extra, but thanks to a generous discount with our courier, costs are modest. We will gladly help arrange your product’s return to make the process as effortless as possible for you.</p>
#sp-ea-9987 .spcollapsing { height: 0; overflow: hidden; transition-property: height;transition-duration: 300ms;}#sp-ea-9987.sp-easy-accordion&gt;.sp-ea-single {margin-bottom: 10px; border: 1px solid #e2e2e2; }#sp-ea-9987.sp-easy-accordion&gt;.sp-ea-single&gt;.ea-header a {color: #444;}#sp-ea-9987.sp-easy-accordion&gt;.sp-ea-single&gt;.sp-collapse&gt;.ea-body {background: #fff; color: #444;}#sp-ea-9987.sp-easy-accordion&gt;.sp-ea-single {background: #eee;}#sp-ea-9987.sp-easy-accordion&gt;.sp-ea-single&gt;.ea-header a .ea-expand-icon { float: left; color: #bfa356;font-size: 16px;}<div id=""sp_easy_accordion-1785258142""><div id=""sp-ea-9987"" class=""sp-ea-one sp-easy-accordion"" data-ea-active=""ea-click"" data-ea-mode=""vertical"" data-preloader="""" data-scroll-active-item="""" data-offset-to-scroll=""0""><div class=""ea-card ea-expand sp-ea-single""><h3 class=""ea-header""><a class=""collapsed"" id=""ea-header-99870"" role=""button"" data-sptoggle=""spcollapse"" data-sptarget=""#collapse99870"" aria-controls=""collapse99870"" href=""#"" aria-expanded=""true""><i aria-hidden=""true"" role=""presentation"" class=""ea-expand-icon eap-icon-ea-expand-minus""></i> Pillow Buying Guide</a></h3><div class=""sp-collapse spcollapse collapsed show"" id=""collapse99870"" data-parent=""#sp-ea-9987"" role=""region"" aria-labelledby=""ea-header-99870""> <div class=""ea-body""><h2><a href=""/what-constitutes-a-good-pillow/"" target=""_blank"" rel=""noopener"">What constitutes a good pillow?</a></h2><p>&nbsp;</p><h2><a href=""/how-to-choose-a-pillow/"" target=""_blank"" rel=""noopener"">How to Choose a Pillow</a></h2>#sp-ea-5552 .spcollapsing { height: 0; overflow: hidden; transition-property: height;transition-duration: 300ms;}#sp-ea-5552.sp-easy-accordion&gt;.sp-ea-single {margin-bottom: 10px; border: 1px solid #e2e2e2; }#sp-ea-5552.sp-easy-accordion&gt;.sp-ea-single&gt;.ea-header a {color: #666666;}#sp-ea-5552.sp-easy-accordion&gt;.sp-ea-single&gt;.sp-collapse&gt;.ea-body {background: #fff; color: #444;}#sp-ea-5552.sp-easy-accordion&gt;.sp-ea-single {background: #eee;}#sp-ea-5552.sp-easy-accordion&gt;.sp-ea-single&gt;.ea-header a .ea-expand-icon { float: left; color: #444;font-size: 16px;}<div id=""sp_easy_accordion-1785258142""><div id=""sp-ea-5552"" class=""sp-ea-one sp-easy-accordion"" data-ea-active=""ea-click"" data-ea-mode=""vertical"" data-preloader="""" data-scroll-active-item="""" data-offset-to-scroll=""0""><div class=""ea-card sp-ea-single""><h3 class=""ea-header""><a class=""collapsed"" id=""ea-header-55520"" role=""button"" data-sptoggle=""spcollapse"" data-sptarget=""#collapse55520"" aria-controls=""collapse55520"" href=""#"" aria-expanded=""false""></br><h2 style=""color:#666666"">Who are these pillows for?</h2></a></h3><div class=""sp-collapse spcollapse spcollapse"" id=""collapse55520"" data-parent=""#sp-ea-5552"" role=""region"" aria-labelledby=""ea-header-55520""> <div class=""ea-body""><p>Our Standard Collection down &amp; feather pillows are great for those that require a little more support for their head than pure down pillow lovers do.</p><p><em> <strong>The perfect balance:</strong></em></p><p>While providing support, the Standard Collection pillows also provide a comfortable level of softness, as the down ratio is 60 %</p><p>This down is European White goose down.</p><p>The 40% feather portion of these pillows are made up of small and soft feathers. The great thing about the small size of the feathers is that they do not come out of the pillow.</p></div></div></div><div class=""ea-card sp-ea-single""><h3 class=""ea-header""><a class=""collapsed"" id=""ea-header-55521"" role=""button"" data-sptoggle=""spcollapse"" data-sptarget=""#collapse55521"" aria-controls=""collapse55521"" href=""#"" aria-expanded=""false""><h2 style=""color:#666666"">How firm are these pillows?</h2></a></h3><div class=""sp-collapse spcollapse spcollapse"" id=""collapse55521"" data-parent=""#sp-ea-5552"" role=""region"" aria-labelledby=""ea-header-55521""> <div class=""ea-body""><p>On a scale from soft to firm, these pillows are our firmest ones.</p><p><em><strong>The details:</strong></em> With a fill power of 500 we need more of this type of down than for our two other pillow collections, in order to achieve the volumes we want. The pillows therefore naturally get firmer.</p><p>Furthermore, a 40% portion of small and soft feathers in the mix inside adds to the firmness. Still, if you are used to feather heavy pillows &#8211; that are also often heavy in weight &#8211; you will find that these feel softer.</p></div></div></div><div class=""ea-card sp-ea-single""><h3 class=""ea-header""><a class=""collapsed"" id=""ea-header-55522"" role=""button"" data-sptoggle=""spcollapse"" data-sptarget=""#collapse55522"" aria-controls=""collapse55522"" href=""#"" aria-expanded=""false""><h2 style=""color:#666666"">How many of these pillows is optimal?</h2></a></h3><div class=""sp-collapse spcollapse spcollapse"" id=""collapse55522"" data-parent=""#sp-ea-5552"" role=""region"" aria-labelledby=""ea-header-55522""> <div class=""ea-body""><p>Use one or two of these for your head, depending on your personal preference, or alternatively, combine one with a pillow from one of our <a href=""https://www.norvegr.com/collections/pillows"" target=""_blank"" rel=""noopener"" aria-describedby=""a11y-new-window-message"">other collections</a>, to create your own little pillow menu.</p><p><em>All Standard Collection pillows are available in soft/low, medium and firm/high versions.</em></p></div></div></div><div class=""ea-card sp-ea-single""><h3 class=""ea-header""><a class=""collapsed"" id=""ea-header-55523"" role=""button"" data-sptoggle=""spcollapse"" data-sptarget=""#collapse55523"" aria-controls=""collapse55523"" href=""#"" aria-expanded=""false""><h2 style=""color:#666666"">How do I care for these pillows?</h2></a></h3><div class=""sp-collapse spcollapse spcollapse"" id=""collapse55523"" data-parent=""#sp-ea-5552"" role=""region"" aria-labelledby=""ea-header-55523""> <div class=""ea-body""><p>Wash and tumble dry according to our instructions, two to four times a year, to ensure optimal performance at all times.</p></div></div></div></div></div></div></div></div></div></div>",Norvegr,Pillows,"Pillows, Standard Collection",TRUE,Size,Boudoir,Firmness,Firm,,,,,,0,deny,manual,157.82,,TRUE,TRUE,,https://cdn.shopify.com/s/files/1/1020/3765/1794/files/european-white-goose-down-pillow.jpg,1,"European White Goose, 60% Down Pillows, Fill Power 500",FALSE,"European White Goose, 60% Down Pillows, Fill Power 500",,,kg,active
duck-goose-down-and-feather-pillows,,,,,,,Size,Boudoir,Firmness,Medium,,,,,,0,deny,manual,135.27,,TRUE,TRUE,,,,,,,,,kg,
duck-goose-down-and-feather-pillows,,,,,,,Size,Boudoir,Firmness,Soft,,,,,,0,deny,manual,120.24,,TRUE,TRUE,,,,,,,,,kg,
duck-goose-down-and-feather-pillows,,,,,,,Size,Euro/Square,Firmness,Firm,,,,,,0,deny,manual,375.76,,TRUE,TRUE,,,,,,,,,kg,
duck-goose-down-and-feather-pillows,,,,,,,Size,Euro/Square,Firmness,Medium,,,,,,0,deny,manual,345.70,,TRUE,TRUE,,,,,,,,,kg,
duck-goose-down-and-feather-pillows,,,,,,,Size,Euro/Square,Firmness,Soft,,,,,,0,deny,manual,311.88,,TRUE,TRUE,,,,,,,,,kg,
duck-goose-down-and-feather-pillows,,,,,,,Size,Boudoir XL,Firmness,Firm,,,,,,0,deny,manual,195.40,,TRUE,TRUE,,,,,,,,,kg,
duck-goose-down-and-feather-pillows,,,,,,,Size,Boudoir XL,Firmness,Medium,,,,,,0,deny,manual,169.09,,TRUE,TRUE,,,,,,,,,kg,
duck-goose-down-and-feather-pillows,,,,,,,Size,Boudoir XL,Firmness,Soft,,,,,,0,deny,manual,146.55,,TRUE,TRUE,,,,,,,,,kg,
duck-goose-down-and-feather-pillows,,,,,,,Size,King,Firmness,Firm,,,,,,0,deny,manual,375.76,,TRUE,TRUE,,,,,,,,,kg,
duck-goose-down-and-feather-pillows,,,,,,,Size,King,Firmness,Medium,,,,,,0,deny,manual,345.70,,TRUE,TRUE,,,,,,,,,kg,
duck-goose-down-and-feather-pillows,,,,,,,Size,King,Firmness,Soft,,,,,,0,deny,manual,311.88,,TRUE,TRUE,,,,,,,,,kg,
duck-goose-down-and-feather-pillows,,,,,,,Size,Standard,Firmness,Firm,,,,,,0,deny,manual,315.64,,TRUE,TRUE,,,,,,,,,kg,
duck-goose-down-and-feather-pillows,,,,,,,Size,Standard,Firmness,Medium,,,,,,0,deny,manual,285.58,,TRUE,TRUE,,,,,,,,,kg,
duck-goose-down-and-feather-pillows,,,,,,,Size,Standard,Firmness,Soft,,,,,,0,deny,manual,266.79,,TRUE,TRUE,,,,,,,,,kg,
duck-goose-down-and-feather-pillows,,,,,,,,,,,,,,,,,,,,,,,,https://cdn.shopify.com/s/files/1/1020/3765/1794/files/Pillow_055-scaled.jpg,2,"European White Goose, 60% Down Pillows, Fill Power 500",,,,,,
duck-goose-down-and-feather-pillows,,,,,,,,,,,,,,,,,,,,,,,,https://cdn.shopify.com/s/files/1/1020/3765/1794/files/Pillow_092-scaled.jpg,3,"European White Goose, 60% Down Pillows, Fill Power 500",,,,,,
luxury-egyptian-cotton-flat-bottom-sheets,Luxury Egyptian Cotton Flat Bottom Sheets,"<p>Made in Italy<br />
100 % Egyptian long-staple cotton<br />
Satin weave<br />
Single thread/ply<br />
300 thread count</p>
<h4>What makes this bed linen so luxurious?</h4>
<p>Our flat bottom sheets are woven in wonderfully soft and shiny satin. This 100% Egyptian cotton sateen is made of 300 thread count, which gives a superbly luxurious appeal and a silky soft feel against your skin. The thread count is carefully selected to complement the insulating and breathing capabilities of our down <a href=""/collections/duvets/"" target=""_blank"" rel=""noopener noreferrer"" aria-describedby=""a11y-new-window-message"">duvets</a> and <a href=""/collections/pillows/"" target=""_blank"" rel=""noopener noreferrer"" aria-describedby=""a11y-new-window-message"">pillows</a>.</p>
<h4>Care of this product:</h4>
<p>&#8211; Machine wash with warm water on a gentle cycle.<br />
&#8211; Do not use bleach (bleaching may weaken fabric and cause yellowing).<br />
&#8211; Do not use fabric softener.<br />
&#8211; Wash dark colors separately.<br />
&#8211; Tumble dry on low heat.<br />
&#8211; Remove while still damp.<br />
&#8211; Iron on “cotton” setting to regain luster and sheen.</p>
<h4 class=""symbol-title""><a href=""https://www.norvegr.com/bed-linen-guide/"" target=""_blank"" rel=""noopener"">Expert Bed Linen Guide</a></h4>",Norvegr,Bed Linen,Bed Linen,TRUE,Size,"300 x 290 cm (118"" x 114"")",,,,,,,,0,deny,manual,163.08,,TRUE,TRUE,,https://cdn.shopify.com/s/files/1/1020/3765/1794/files/luxury-bed-linen-sheets.jpg,1,Luxury Egyptian Cotton Flat Bottom Sheets,FALSE,Luxury Egyptian Cotton Flat Bottom Sheets,,,kg,active
luxury-egyptian-cotton-flat-bottom-sheets,,,,,,,Size,"180 x 290cm (71"" x 114"")",,,,,,,,0,deny,manual,113.48,,TRUE,TRUE,,,,,,,,,kg,
luxury-egyptian-cotton-flat-bottom-sheets,,,,,,,Size,"240 x 290cm (95"" x 114"")",,,,,,,,0,deny,manual,134.52,,TRUE,TRUE,,,,,,,,,kg,
luxury-egyptian-cotton-flat-bottom-sheets,,,,,,,Size,"270 x 290cm (106"" x 114"")",,,,,,,,0,deny,manual,152.56,,TRUE,TRUE,,,,,,,,,kg,
luxury-egyptian-cotton-flat-bottom-sheets,,,,,,,,,,,,,,,,,,,,,,,,https://cdn.shopify.com/s/files/1/1020/3765/1794/files/luxury-bottom-sheets.jpg,2,Luxury Egyptian Cotton Flat Bottom Sheets,,,,,,
un-applicato-100-egyptian-cotton-duvet-cover-pillowcase,Un Applicato – 100% Egyptian Cotton Duvet Cover / Pillowcase,"<p>Made in Italy<br />
100 % Egyptian long-staple cotton<br />
Satin weave<br />
Single thread/ply<br />
Oxford borders<br />
Single application<br />
300 thread count</p>
<h4>What makes this bed linen so luxurious?</h4>
<p>Our &#8216;Un Applicato&#8217; bed linen is woven in wonderfully soft and shiny satin. This 100% Egyptian cotton sateen is made of 300 thread count, which gives a superbly luxurious appeal and a silky soft feel against your skin. The thread count is carefully selected to complement the insulating and breathing capabilities of our down <a href=""/collections/duvets/"" target=""_blank"" rel=""noopener noreferrer"" aria-describedby=""a11y-new-window-message"">duvets</a> and <a href=""/collections/pillows/"" target=""_blank"" rel=""noopener noreferrer"" aria-describedby=""a11y-new-window-message"">pillows</a>.</p>
<p>Oxford border design: This bed linen has a single white application on a white base color and Oxford borders.</p>
<h4>Care of this product:</h4>
<p>&#8211; Machine wash with warm water on a gentle cycle.<br />
&#8211; Do not use bleach (bleaching may weaken fabric and cause yellowing).<br />
&#8211; Do not use fabric softener.<br />
&#8211; Wash dark colors separately.<br />
&#8211; Tumble dry on low heat.<br />
&#8211; Remove while still damp.<br />
&#8211; Iron on “cotton” setting to regain luster and sheen.</p>
<h4 class=""symbol-title""><a href=""https://www.norvegr.com/bed-linen-guide/"" target=""_blank"" rel=""noopener"">Expert Bed Linen Guide</a></h4>",Norvegr,Bed Linen,Bed Linen,TRUE,Product Type,Pillow Case,Size,Boudoir,,,,,,0,deny,manual,95.44,,TRUE,TRUE,,https://cdn.shopify.com/s/files/1/1020/3765/1794/files/luxury-duvet-pillow-cases.jpg,1,Un Applicato – 100% Egyptian Cotton Duvet Cover / Pillowcase,FALSE,Un Applicato – 100% Egyptian Cotton Duvet Cover / Pillowcase,,,kg,active
un-applicato-100-egyptian-cotton-duvet-cover-pillowcase,,,,,,,Product Type,Pillow Case,Size,Boudoir XL,,,,,,0,deny,manual,105.96,,TRUE,TRUE,,,,,,,,,kg,
un-applicato-100-egyptian-cotton-duvet-cover-pillowcase,,,,,,,Product Type,Pillow Case,Size,Euro/Square,,,,,,0,deny,manual,134.52,,TRUE,TRUE,,,,,,,,,kg,
un-applicato-100-egyptian-cotton-duvet-cover-pillowcase,,,,,,,Product Type,Duvet Cover,Size,Single,,,,,,0,deny,manual,354.72,,TRUE,TRUE,,,,,,,,,kg,
un-applicato-100-egyptian-cotton-duvet-cover-pillowcase,,,,,,,Product Type,Duvet Cover,Size,Double,,,,,,0,deny,manual,442.65,,TRUE,TRUE,,,,,,,,,kg,
un-applicato-100-egyptian-cotton-duvet-cover-pillowcase,,,,,,,Product Type,Duvet Cover,Size,King,,,,,,0,deny,manual,474.96,,TRUE,TRUE,,,,,,,,,kg,
un-applicato-100-egyptian-cotton-duvet-cover-pillowcase,,,,,,,Product Type,Duvet Cover,Size,Superking,,,,,,0,deny,manual,492.25,,TRUE,TRUE,,,,,,,,,kg,
un-applicato-100-egyptian-cotton-duvet-cover-pillowcase,,,,,,,Product Type,Duvet Cover,Size,Superking Extra Long,,,,,,0,deny,manual,503.52,,TRUE,TRUE,,,,,,,,,kg,
un-applicato-100-egyptian-cotton-duvet-cover-pillowcase,,,,,,,Product Type,Duvet Cover,Size,Emperor,,,,,,0,deny,manual,503.52,,TRUE,TRUE,,,,,,,,,kg,
un-applicato-100-egyptian-cotton-duvet-cover-pillowcase,,,,,,,Product Type,Pillow Case,Size,King,,,,,,0,deny,manual,127.76,,TRUE,TRUE,,,,,,,,,kg,
un-applicato-100-egyptian-cotton-duvet-cover-pillowcase,,,,,,,Product Type,Pillow Case,Size,Standard,,,,,,0,deny,manual,124.00,,TRUE,TRUE,,,,,,,,,kg,
un-applicato-100-egyptian-cotton-duvet-cover-pillowcase,,,,,,,,,,,,,,,,,,,,,,,,https://cdn.shopify.com/s/files/1/1020/3765/1794/files/luxury-duvet-covers.jpg,2,Un Applicato – 100% Egyptian Cotton Duvet Cover / Pillowcase,,,,,,
un-applicato-100-egyptian-cotton-duvet-cover-pillowcase,,,,,,,,,,,,,,,,,,,,,,,,https://cdn.shopify.com/s/files/1/1020/3765/1794/files/luxury-duvet-cases.jpg,3,Un Applicato – 100% Egyptian Cotton Duvet Cover / Pillowcase,,,,,,
