Handle,Title,Body (HTML),Vendor,Product Category,Type,Tags,Published,Option1 Name,Option1 Value,Option1 Linked To,Option2 Name,Option2 Value,Option2 Linked To,Option3 Name,Option3 Value,Option3 Linked To,Variant SKU,Variant Grams,Variant Inventory Tracker,Variant Inventory Qty,Variant Inventory Policy,Variant Fulfillment Service,Variant Price,Variant Compare At Price,Variant Requires Shipping,Variant Taxable,Unit Price Total Measure,Unit Price Total Measure Unit,Unit Price Base Measure,Unit Price Base Measure Unit,Variant Barcode,Image Src,Image Position,Image Alt Text,Gift Card,SEO Title,SEO Description,Header (product.metafields.custom.header),Bedding size (product.metafields.shopify.bedding-size),Care instructions (product.metafields.shopify.care-instructions),Color (product.metafields.shopify.color-pattern),Fabric (product.metafields.shopify.fabric),Warmth level (product.metafields.shopify.warmth-level),Complementary products (product.metafields.shopify--discovery--product_recommendation.complementary_products),Related products (product.metafields.shopify--discovery--product_recommendation.related_products),Related products settings (product.metafields.shopify--discovery--product_recommendation.related_products_display),Search product boosts (product.metafields.shopify--discovery--product_search_boost.queries),Variant Image,Variant Weight Unit,Variant Tax Code,Cost per item,Included / Norway,Price / Norway,Compare At Price / Norway,Included / European Union,Price / European Union,Compare At Price / European Union,Included / United Kingdom,Price / United Kingdom,Compare At Price / United Kingdom,Included / United States,Price / United States,Compare At Price / United States,Status
european-white-goose-100-down-duvet-fill-power-850,"European White Goose, 100% Down Duvet, Fill Power 850","<p>European White Goose, 100% down, fill power 850 (EU).</p>
<p>Highest fill power that is commercially available.</p>
<p>Huge down clusters with very good density and magnificent ability to trap air between the fibres for insulation and breathability.</p>
<p>The down has some cling, creating extra pockets of air in between the down clusters.</p>
<p>For those that prefer a lofty-looking duvet for aesthetic reasons, this collection can be chosen as Winter weight. It will work well all year round in air-conditioned bedrooms or bedrooms where the night-time temperatures are a few degrees chillier than during the day.</p>
<p>Available in Summer, All-year, Winter and Polar and therefore suitable for all climates and all possible personal preferences. Can also be tailor-made to suit individual tastes. Each duvet is made to order with a three week lead time.</p>",Norvegr,Home & Garden > Linens & Bedding > Bedding > Quilts & Comforters,Duvets,"Duvets, Premium Collection, Top Picks",true,Size,Single,,Weight,Summer,,,,,DVT-850-SNG-SUM,0.0,,0,deny,manual,1140.00,,true,true,,,,,,https://cdn.shopify.com/s/files/1/1020/3765/1794/files/imgi_24_premium-down-duvets.jpg?v=1787911458,1,850 fill power european white goose down duvet collection hero image,false,Luxury Goose Down Duvet | Fill Power 850 | Norvegr,"Premium 100% European White Goose down duvet, fill power 850. Lightweight, breathable luxury bedding in all weights and sizes. Made to order by Norvegr.",,single; double; king; twin; queen; california-king; twin-xl,other,white,,lightweight-summer; medium-all-season; extra-warm; warm-winter,,,,,,kg,,,true,,,true,,,true,,,true,,,active
european-white-goose-100-down-duvet-fill-power-850,,,,,,,,,Single,,,All Year,,,,,DVT-850-SNG-ALY,0.0,,0,deny,manual,1320.00,,true,true,,,,,,https://cdn.shopify.com/s/files/1/1020/3765/1794/files/imgi_39_Rolled_Up_Duvet_013-1-Premium-2048x1366.jpg?v=1787911459,2,Rolled 850 fill power European White Goose down duvet showing channel construction,,,,,,,,,,,,,,,kg,,,,,,,,,,,,,,,
european-white-goose-100-down-duvet-fill-power-850,,,,,,,,,Single,,,Winter,,,,,DVT-850-SNG-WIN,0.0,,0,deny,manual,1725.00,,true,true,,,,,,https://cdn.shopify.com/s/files/1/1020/3765/1794/files/imgi_34_Packaging_023.jpg?v=1787911459,3,Norvegr packaging for 850 fill power European White Goose down duvet,,,,,,,,,,,,,,,kg,,,,,,,,,,,,,,,
european-white-goose-100-down-duvet-fill-power-850,,,,,,,,,Single,,,Polar,,,,,DVT-850-SNG-POL,0.0,,0,deny,manual,2355.00,,true,true,,,,,,https://cdn.shopify.com/s/files/1/1020/3765/1794/files/imgi_84_Rolled_up_Duvet_112-copy-Premium-Plus-scaled.jpg?v=1787911459,4,Rolled 850 fill power European White Goose down duvet showing channel construction,,,,,,,,,,,,,,,kg,,,,,,,,,,,,,,,
european-white-goose-100-down-duvet-fill-power-850,,,,,,,,,Double,,,Summer,,,,,DVT-850-DBL-SUM,0.0,,0,deny,manual,1525.00,,true,true,,,,,,https://cdn.shopify.com/s/files/1/1020/3765/1794/files/imgi_82_Rolled_up_Duvet_106-copy-2-Premium-scaled.jpg?v=1787911459,5,Rolled 850 fill power European White Goose down duvet showing channel construction,,,,,,,,,,,,,,,kg,,,,,,,,,,,,,,,
european-white-goose-100-down-duvet-fill-power-850,,,,,,,,,Double,,,All Year,,,,,DVT-850-DBL-ALY,0.0,,0,deny,manual,1875.00,,true,true,,,,,,,,,,,,,,,,,,,,,,,kg,,,,,,,,,,,,,,,
european-white-goose-100-down-duvet-fill-power-850,,,,,,,,,Double,,,Winter,,,,,DVT-850-DBL-WIN,0.0,,0,deny,manual,2355.00,,true,true,,,,,,,,,,,,,,,,,,,,,,,kg,,,,,,,,,,,,,,,
european-white-goose-100-down-duvet-fill-power-850,,,,,,,,,Double,,,Polar,,,,,DVT-850-DBL-POL,0.0,,0,deny,manual,3275.00,,true,true,,,,,,,,,,,,,,,,,,,,,,,kg,,,,,,,,,,,,,,,
european-white-goose-100-down-duvet-fill-power-850,,,,,,,,,Superking,,,Summer,,,,,DVT-850-SKG-SUM,0.0,,0,deny,manual,2095.00,,true,true,,,,,,,,,,,,,,,,,,,,,,,kg,,,,,,,,,,,,,,,
european-white-goose-100-down-duvet-fill-power-850,,,,,,,,,Superking,,,All Year,,,,,DVT-850-SKG-ALY,0.0,,0,deny,manual,2425.00,,true,true,,,,,,,,,,,,,,,,,,,,,,,kg,,,,,,,,,,,,,,,
european-white-goose-100-down-duvet-fill-power-850,,,,,,,,,Superking,,,Winter,,,,,DVT-850-SKG-WIN,0.0,,0,deny,manual,3170.00,,true,true,,,,,,,,,,,,,,,,,,,,,,,kg,,,,,,,,,,,,,,,
european-white-goose-100-down-duvet-fill-power-850,,,,,,,,,Superking,,,Polar,,,,,DVT-850-SKG-POL,0.0,,0,deny,manual,4510.00,,true,true,,,,,,,,,,,,,,,,,,,,,,,kg,,,,,,,,,,,,,,,
european-white-goose-100-down-duvet-fill-power-850,,,,,,,,,Superking Extra Long,,,Summer,,,,,DVT-850-SKX-SUM,0.0,,0,deny,manual,2335.00,,true,true,,,,,,,,,,,,,,,,,,,,,,,kg,,,,,,,,,,,,,,,
european-white-goose-100-down-duvet-fill-power-850,,,,,,,,,Superking Extra Long,,,All Year,,,,,DVT-850-SKX-ALY,0.0,,0,deny,manual,2660.00,,true,true,,,,,,,,,,,,,,,,,,,,,,,kg,,,,,,,,,,,,,,,
european-white-goose-100-down-duvet-fill-power-850,,,,,,,,,Superking Extra Long,,,Winter,,,,,DVT-850-SKX-WIN,0.0,,0,deny,manual,3400.00,,true,true,,,,,,,,,,,,,,,,,,,,,,,kg,,,,,,,,,,,,,,,
european-white-goose-100-down-duvet-fill-power-850,,,,,,,,,Superking Extra Long,,,Polar,,,,,DVT-850-SKX-POL,0.0,,0,deny,manual,4870.00,,true,true,,,,,,,,,,,,,,,,,,,,,,,kg,,,,,,,,,,,,,,,
european-white-goose-100-down-duvet-fill-power-850,,,,,,,,,Emperor,,,Summer,,,,,DVT-850-EMP-SUM,0.0,,0,deny,manual,2775.00,,true,true,,,,,,,,,,,,,,,,,,,,,,,kg,,,,,,,,,,,,,,,
european-white-goose-100-down-duvet-fill-power-850,,,,,,,,,Emperor,,,All Year,,,,,DVT-850-EMP-ALY,0.0,,0,deny,manual,3145.00,,true,true,,,,,,,,,,,,,,,,,,,,,,,kg,,,,,,,,,,,,,,,
european-white-goose-100-down-duvet-fill-power-850,,,,,,,,,Emperor,,,Winter,,,,,DVT-850-EMP-WIN,0.0,,0,deny,manual,3985.00,,true,true,,,,,,,,,,,,,,,,,,,,,,,kg,,,,,,,,,,,,,,,
european-white-goose-100-down-duvet-fill-power-850,,,,,,,,,Emperor,,,Polar,,,,,DVT-850-EMP-POL,0.0,,0,deny,manual,5570.00,,true,true,,,,,,,,,,,,,,,,,,,,,,,kg,,,,,,,,,,,,,,,
european-white-goose-100-down-duvet-fill-power-850,,,,,,,,,Alaskan King,,,Summer,,,,,DVT-850-ALK-SUM,0.0,,0,deny,manual,4405.00,,true,true,,,,,,,,,,,,,,,,,,,,,,,kg,,,,,,,,,,,,,,,
european-white-goose-100-down-duvet-fill-power-850,,,,,,,,,Alaskan King,,,All Year,,,,,DVT-850-ALK-ALY,0.0,,0,deny,manual,5055.00,,true,true,,,,,,,,,,,,,,,,,,,,,,,kg,,,,,,,,,,,,,,,
european-white-goose-100-down-duvet-fill-power-850,,,,,,,,,Alaskan King,,,Winter,,,,,DVT-850-ALK-WIN,0.0,,0,deny,manual,6685.00,,true,true,,,,,,,,,,,,,,,,,,,,,,,kg,,,,,,,,,,,,,,,
european-white-goose-100-down-duvet-fill-power-850,,,,,,,,,Alaskan King,,,Polar,,,,,DVT-850-ALK-POL,0.0,,0,deny,manual,9130.00,,true,true,,,,,,,,,,,,,,,,,,,,,,,kg,,,,,,,,,,,,,,,
european-white-goose-100-down-duvet-fill-power-850,,,,,,,,,Full,,,Summer,,,,,DVT-850-FUL-SUM,0.0,,0,deny,manual,1755.00,,true,true,,,,,,,,,,,,,,,,,,,,,,,kg,,,,,,,,,,,,,,,
european-white-goose-100-down-duvet-fill-power-850,,,,,,,,,Full,,,All Year,,,,,DVT-850-FUL-ALY,0.0,,0,deny,manual,2100.00,,true,true,,,,,,,,,,,,,,,,,,,,,,,kg,,,,,,,,,,,,,,,
european-white-goose-100-down-duvet-fill-power-850,,,,,,,,,Full,,,Winter,,,,,DVT-850-FUL-WIN,0.0,,0,deny,manual,2705.00,,true,true,,,,,,,,,,,,,,,,,,,,,,,kg,,,,,,,,,,,,,,,
european-white-goose-100-down-duvet-fill-power-850,,,,,,,,,Full,,,Polar,,,,,DVT-850-FUL-POL,0.0,,0,deny,manual,3570.00,,true,true,,,,,,,,,,,,,,,,,,,,,,,kg,,,,,,,,,,,,,,,
european-white-goose-100-down-duvet-fill-power-850,,,,,,,,,Twin,,,Summer,,,,,DVT-850-TWN-SUM,0.0,,0,deny,manual,1535.00,,true,true,,,,,,,,,,,,,,,,,,,,,,,kg,,,,,,,,,,,,,,,
european-white-goose-100-down-duvet-fill-power-850,,,,,,,,,Twin,,,All Year,,,,,DVT-850-TWN-ALY,0.0,,0,deny,manual,1740.00,,true,true,,,,,,,,,,,,,,,,,,,,,,,kg,,,,,,,,,,,,,,,
european-white-goose-100-down-duvet-fill-power-850,,,,,,,,,Twin,,,Winter,,,,,DVT-850-TWN-WIN,0.0,,0,deny,manual,2170.00,,true,true,,,,,,,,,,,,,,,,,,,,,,,kg,,,,,,,,,,,,,,,
european-white-goose-100-down-duvet-fill-power-850,,,,,,,,,Twin,,,Polar,,,,,DVT-850-TWN-POL,0.0,,0,deny,manual,2730.00,,true,true,,,,,,,,,,,,,,,,,,,,,,,kg,,,,,,,,,,,,,,,
european-white-goose-100-down-duvet-fill-power-850,,,,,,,,,Queen,,,Summer,,,,,DVT-850-QUN-SUM,0.0,,0,deny,manual,2070.00,,true,true,,,,,,,,,,,,,,,,,,,,,,,kg,,,,,,,,,,,,,,,
european-white-goose-100-down-duvet-fill-power-850,,,,,,,,,Queen,,,All Year,,,,,DVT-850-QUN-ALY,0.0,,0,deny,manual,2350.00,,true,true,,,,,,,,,,,,,,,,,,,,,,,kg,,,,,,,,,,,,,,,
european-white-goose-100-down-duvet-fill-power-850,,,,,,,,,Queen,,,Winter,,,,,DVT-850-QUN-WIN,0.0,,0,deny,manual,2990.00,,true,true,,,,,,,,,,,,,,,,,,,,,,,kg,,,,,,,,,,,,,,,
european-white-goose-100-down-duvet-fill-power-850,,,,,,,,,Queen,,,Polar,,,,,DVT-850-QUN-POL,0.0,,0,deny,manual,4205.00,,true,true,,,,,,,,,,,,,,,,,,,,,,,kg,,,,,,,,,,,,,,,
european-white-goose-100-down-duvet-fill-power-850,,,,,,,,,XL Twin,,,Summer,,,,,DVT-850-XLT-SUM,0.0,,0,deny,manual,1695.00,,true,true,,,,,,,,,,,,,,,,,,,,,,,kg,,,,,,,,,,,,,,,
european-white-goose-100-down-duvet-fill-power-850,,,,,,,,,XL Twin,,,All Year,,,,,DVT-850-XLT-ALY,0.0,,0,deny,manual,1975.00,,true,true,,,,,,,,,,,,,,,,,,,,,,,kg,,,,,,,,,,,,,,,
european-white-goose-100-down-duvet-fill-power-850,,,,,,,,,XL Twin,,,Winter,,,,,DVT-850-XLT-WIN,0.0,,0,deny,manual,2440.00,,true,true,,,,,,,,,,,,,,,,,,,,,,,kg,,,,,,,,,,,,,,,
european-white-goose-100-down-duvet-fill-power-850,,,,,,,,,XL Twin,,,Polar,,,,,DVT-850-XLT-POL,0.0,,0,deny,manual,3525.00,,true,true,,,,,,,,,,,,,,,,,,,,,,,kg,,,,,,,,,,,,,,,
european-white-goose-100-down-duvet-fill-power-850,,,,,,,,,California King,,,Summer,,,,,DVT-850-CAK-SUM,0.0,,0,deny,manual,2335.00,,true,true,,,,,,,,,,,,,,,,,,,,,,,kg,,,,,,,,,,,,,,,
european-white-goose-100-down-duvet-fill-power-850,,,,,,,,,California King,,,All Year,,,,,DVT-850-CAK-ALY,0.0,,0,deny,manual,2660.00,,true,true,,,,,,,,,,,,,,,,,,,,,,,kg,,,,,,,,,,,,,,,
european-white-goose-100-down-duvet-fill-power-850,,,,,,,,,California King,,,Winter,,,,,DVT-850-CAK-WIN,0.0,,0,deny,manual,3400.00,,true,true,,,,,,,,,,,,,,,,,,,,,,,kg,,,,,,,,,,,,,,,
european-white-goose-100-down-duvet-fill-power-850,,,,,,,,,California King,,,Polar,,,,,DVT-850-CAK-POL,0.0,,0,deny,manual,4870.00,,true,true,,,,,,,,,,,,,,,,,,,,,,,kg,,,,,,,,,,,,,,,
european-white-goose-100-down-duvet-fill-power-850,,,,,,,,,King,,,Summer,,,,,DVT-850-KNG-SUM,0.0,,0,deny,manual,1860.00,,true,true,,,,,,,,,,,,,,,,,,,,,,,kg,,,,,,,,,,,,,,,
european-white-goose-100-down-duvet-fill-power-850,,,,,,,,,King,,,All Year,,,,,DVT-850-KNG-ALY,0.0,,0,deny,manual,2145.00,,true,true,,,,,,,,,,,,,,,,,,,,,,,kg,,,,,,,,,,,,,,,
european-white-goose-100-down-duvet-fill-power-850,,,,,,,,,King,,,Winter,,,,,DVT-850-KNG-WIN,0.0,,0,deny,manual,2785.00,,true,true,,,,,,,,,,,,,,,,,,,,,,,kg,,,,,,,,,,,,,,,
european-white-goose-100-down-duvet-fill-power-850,,,,,,,,,King,,,Polar,,,,,DVT-850-KNG-POL,0.0,,0,deny,manual,3880.00,,true,true,,,,,,,,,,,,,,,,,,,,,,,kg,,,,,,,,,,,,,,,
european-white-goose-100-down-duvet-fill-power-850,,,,,,,,,Imperial King,,,Summer,,,,,DVT-850-IMK-SUM,0.0,,0,deny,manual,2775.00,,true,true,,,,,,,,,,,,,,,,,,,,,,,kg,,,,,,,,,,,,,,,
european-white-goose-100-down-duvet-fill-power-850,,,,,,,,,Imperial King,,,All Year,,,,,DVT-850-IMK-ALY,0.0,,0,deny,manual,3145.00,,true,true,,,,,,,,,,,,,,,,,,,,,,,kg,,,,,,,,,,,,,,,
european-white-goose-100-down-duvet-fill-power-850,,,,,,,,,Imperial King,,,Winter,,,,,DVT-850-IMK-WIN,0.0,,0,deny,manual,3985.00,,true,true,,,,,,,,,,,,,,,,,,,,,,,kg,,,,,,,,,,,,,,,
european-white-goose-100-down-duvet-fill-power-850,,,,,,,,,Imperial King,,,Polar,,,,,DVT-850-IMK-POL,0.0,,0,deny,manual,5570.00,,true,true,,,,,,,,,,,,,,,,,,,,,,,kg,,,,,,,,,,,,,,,
european-white-goose-down-pillows,"European White Goose, 100% Down Pillows, Fill Power 830","<p>European White Goose down, 100% down, no feathers. Fill power 830 (EU).</p>
<p>Each size is available in soft, medium and firm versions.</p>
<p>The price is per single pillow. Each pillow is made to order with a three week lead time.</p>
<p>Our most luxurious pillows are 100% pure goose down without feathers. Each down cluster is huge, resulting in a pillow that feels like resting your head on a cloud. It’s the option for those who want only the best out of life. This is our softest pillow collection.</p>
<p><meta charset=""utf-8""><span>* Fill Power Explained: Fill power indicates how many cubic inches are occupied by one ounce of down. Higher fill power means larger, fluffier and denser down, providing better heat modulation while also being lighter in weight as less feathers are used.</span></p>
<div id=""sp_easy_accordion-1785258113"">
<div id=""sp-ea-10005"" class=""sp-ea-one sp-easy-accordion"">
<div class=""ea-card ea-expand sp-ea-single"">
<div class=""sp-collapse spcollapse collapsed show"" id=""collapse100050"" role=""region"">
<div class=""ea-body""></div>
</div>
</div>
</div>
</div>",Norvegr,Home & Garden > Linens & Bedding > Bedding > Pillows,Pillows,"Pillows, Premium Collection, Top Picks",true,Size,Boudoir XL,,Firmness,Soft,,,,,PIL-830-BDX-SFT,0.0,,0,deny,manual,355.00,,true,true,,,,,,https://cdn.shopify.com/s/files/1/1020/3765/1794/files/imgi_4_european-goose-100-down-pillows.jpg?v=1787913007,1,European White Goose down pillow collection hero image,false,Premium Goose Down Pillows | Fill Power 830 | Norvegr,"100% European White Goose down pillows, fill power 830. Soft, medium and firm. Cloud-like luxury support. Made to order per pillow.",,,,,,,,,,,,kg,,,true,,,true,,,true,,,true,,,active
european-white-goose-down-pillows,,,,,,,,,Boudoir XL,,,Medium,,,,,PIL-830-BDX-MED,0.0,,0,deny,manual,395.00,,true,true,,,,,,https://cdn.shopify.com/s/files/1/1020/3765/1794/files/imgi_54_Pillow_079-scaled.jpg?v=1787913007,2,500 fill power european white goose down pillow on bed,,,,,,,,,,,,,,,kg,,,,,,,,,,,,,,,
european-white-goose-down-pillows,,,,,,,,,Boudoir XL,,,Firm,,,,,PIL-830-BDX-FRM,0.0,,0,deny,manual,470.00,,true,true,,,,,,https://cdn.shopify.com/s/files/1/1020/3765/1794/files/imgi_53_Pillow_044-scaled.jpg?v=1787913007,3,500 fill power european white goose down pillow on bed,,,,,,,,,,,,,,,kg,,,,,,,,,,,,,,,
european-white-goose-down-pillows,,,,,,,,,Boudoir,,,Soft,,,,,PIL-830-BDR-SFT,0.0,,0,deny,manual,285.00,,true,true,,,,,,https://cdn.shopify.com/s/files/1/1020/3765/1794/files/imgi_33_Pillow_Down_005-Premium.jpg?v=1787913007,4,Close-up of down fill in 500 fill power European White Goose down pillow,,,,,,,,,,,,,,,kg,,,,,,,,,,,,,,,
european-white-goose-down-pillows,,,,,,,,,Boudoir,,,Medium,,,,,PIL-830-BDR-MED,0.0,,0,deny,manual,320.00,,true,true,,,,,,,,,,,,,,,,,,,,,,,kg,,,,,,,,,,,,,,,
european-white-goose-down-pillows,,,,,,,,,Boudoir,,,Firm,,,,,PIL-830-BDR-FRM,0.0,,0,deny,manual,380.00,,true,true,,,,,,,,,,,,,,,,,,,,,,,kg,,,,,,,,,,,,,,,
european-white-goose-down-pillows,,,,,,,,,Standard,,,Soft,,,,,PIL-830-STD-SFT,0.0,,0,deny,manual,635.00,,true,true,,,,,,,,,,,,,,,,,,,,,,,kg,,,,,,,,,,,,,,,
european-white-goose-down-pillows,,,,,,,,,Standard,,,Medium,,,,,PIL-830-STD-MED,0.0,,0,deny,manual,745.00,,true,true,,,,,,,,,,,,,,,,,,,,,,,kg,,,,,,,,,,,,,,,
european-white-goose-down-pillows,,,,,,,,,Standard,,,Firm,,,,,PIL-830-STD-FRM,0.0,,0,deny,manual,855.00,,true,true,,,,,,,,,,,,,,,,,,,,,,,kg,,,,,,,,,,,,,,,
european-white-goose-down-pillows,,,,,,,,,Euro/Square,,,Soft,,,,,PIL-830-EUR-SFT,0.0,,0,deny,manual,850.00,,true,true,,,,,,,,,,,,,,,,,,,,,,,kg,,,,,,,,,,,,,,,
european-white-goose-down-pillows,,,,,,,,,Euro/Square,,,Medium,,,,,PIL-830-EUR-MED,0.0,,0,deny,manual,985.00,,true,true,,,,,,,,,,,,,,,,,,,,,,,kg,,,,,,,,,,,,,,,
european-white-goose-down-pillows,,,,,,,,,Euro/Square,,,Firm,,,,,PIL-830-EUR-FRM,0.0,,0,deny,manual,1120.00,,true,true,,,,,,,,,,,,,,,,,,,,,,,kg,,,,,,,,,,,,,,,
european-white-goose-down-pillows,,,,,,,,,Queen,,,Soft,,,,,PIL-830-QUN-SFT,0.0,,0,deny,manual,635.00,,true,true,,,,,,,,,,,,,,,,,,,,,,,kg,,,,,,,,,,,,,,,
european-white-goose-down-pillows,,,,,,,,,Queen,,,Medium,,,,,PIL-830-QUN-MED,0.0,,0,deny,manual,745.00,,true,true,,,,,,,,,,,,,,,,,,,,,,,kg,,,,,,,,,,,,,,,
european-white-goose-down-pillows,,,,,,,,,Queen,,,Firm,,,,,PIL-830-QUN-FRM,0.0,,0,deny,manual,855.00,,true,true,,,,,,,,,,,,,,,,,,,,,,,kg,,,,,,,,,,,,,,,
european-white-goose-down-pillows,,,,,,,,,King,,,Soft,,,,,PIL-830-KNG-SFT,0.0,,0,deny,manual,850.00,,true,true,,,,,,,,,,,,,,,,,,,,,,,kg,,,,,,,,,,,,,,,
european-white-goose-down-pillows,,,,,,,,,King,,,Medium,,,,,PIL-830-KNG-MED,0.0,,0,deny,manual,985.00,,true,true,,,,,,,,,,,,,,,,,,,,,,,kg,,,,,,,,,,,,,,,
european-white-goose-down-pillows,,,,,,,,,King,,,Firm,,,,,PIL-830-KNG-FRM,0.0,,0,deny,manual,1120.00,,true,true,,,,,,,,,,,,,,,,,,,,,,,kg,,,,,,,,,,,,,,,
european-white-goose-60-down-pillows-fill-power-500,"European White Goose, 60% Down Pillows, Fill Power 500","<p>European White Goose down, 60% down and 40% feathers. Fill power 500 (EU).</p><p>Each size is available in soft, medium and firm versions.</p><p>The price is per single pillow. Each pillow is made to order with a three week lead time.</p><p>This is our firmest pillow collection, and the firmness comes from the proportion of feathers. As the feathers are small and soft, they will never migrate out of the pillows. Please note that if you are looking for those really firm pillows one sometimes comes across in hotels, where your head barely sinks into the pillow, our Standard Collection pillows will feel a lot softer. Choosing the firm version will get you as close as we are willing to go.</p><p>We recommend to ship the pillow back to us every five years for complete &lt;a href=""https://stage.norvegr.com/lifetime-products/""&gt;restoration&lt;/a&gt;. The down inside these pillows is very durable and can be restored up to four times without the quality decreasing – thereby lasting at least 25 years if maintained properly. The restoration cost is the retail price at the time of restoration, divided by four. Shipping back and forth is extra, but thanks to a generous discount with our courier, costs are modest. We will gladly help arrange your product’s return to make the process as effortless as possible for you.</p>",Norvegr,Home & Garden > Linens & Bedding > Bedding > Pillows,Pillows,"Pillows, Standard Collection",true,Size,Boudoir XL,,Firmness,Soft,,,,,PIL-500-BDX-SFT,0.0,,0,deny,manual,195.00,,true,true,,,,,,https://cdn.shopify.com/s/files/1/1020/3765/1794/files/imgi_4_european-goose-100-down-pillows.jpg?v=1787913007,1,European White Goose down pillow collection hero image,false,Standard Goose Down Pillows | Fill Power 500 | Norvegr,"Standard Collection 60% goose down pillows, fill power 500. Our firmest pillow line with soft, small feathers. Soft, medium and firm.",,,,,,,,,,,,kg,,,true,,,true,,,true,,,true,,,active
european-white-goose-60-down-pillows-fill-power-500,,,,,,,,,Boudoir XL,,,Medium,,,,,PIL-500-BDX-MED,0.0,,0,deny,manual,225.00,,true,true,,,,,,https://cdn.shopify.com/s/files/1/1020/3765/1794/files/imgi_54_Pillow_079-scaled.jpg?v=1787913007,2,500 fill power european white goose down pillow on bed,,,,,,,,,,,,,,,kg,,,,,,,,,,,,,,,
european-white-goose-60-down-pillows-fill-power-500,,,,,,,,,Boudoir XL,,,Firm,,,,,PIL-500-BDX-FRM,0.0,,0,deny,manual,260.00,,true,true,,,,,,https://cdn.shopify.com/s/files/1/1020/3765/1794/files/imgi_53_Pillow_044-scaled.jpg?v=1787913007,3,500 fill power european white goose down pillow on bed,,,,,,,,,,,,,,,kg,,,,,,,,,,,,,,,
european-white-goose-60-down-pillows-fill-power-500,,,,,,,,,Boudoir,,,Soft,,,,,PIL-500-BDR-SFT,0.0,,0,deny,manual,160.00,,true,true,,,,,,https://cdn.shopify.com/s/files/1/1020/3765/1794/files/imgi_33_Pillow_Down_005-Premium.jpg?v=1787913007,4,Close-up of down fill in 500 fill power European White Goose down pillow,,,,,,,,,,,,,,,kg,,,,,,,,,,,,,,,
european-white-goose-60-down-pillows-fill-power-500,,,,,,,,,Boudoir,,,Medium,,,,,PIL-500-BDR-MED,0.0,,0,deny,manual,180.00,,true,true,,,,,,,,,,,,,,,,,,,,,,,kg,,,,,,,,,,,,,,,
european-white-goose-60-down-pillows-fill-power-500,,,,,,,,,Boudoir,,,Firm,,,,,PIL-500-BDR-FRM,0.0,,0,deny,manual,210.00,,true,true,,,,,,,,,,,,,,,,,,,,,,,kg,,,,,,,,,,,,,,,
european-white-goose-60-down-pillows-fill-power-500,,,,,,,,,Standard,,,Soft,,,,,PIL-500-STD-SFT,0.0,,0,deny,manual,355.00,,true,true,,,,,,,,,,,,,,,,,,,,,,,kg,,,,,,,,,,,,,,,
european-white-goose-60-down-pillows-fill-power-500,,,,,,,,,Standard,,,Medium,,,,,PIL-500-STD-MED,0.0,,0,deny,manual,380.00,,true,true,,,,,,,,,,,,,,,,,,,,,,,kg,,,,,,,,,,,,,,,
european-white-goose-60-down-pillows-fill-power-500,,,,,,,,,Standard,,,Firm,,,,,PIL-500-STD-FRM,0.0,,0,deny,manual,420.00,,true,true,,,,,,,,,,,,,,,,,,,,,,,kg,,,,,,,,,,,,,,,
european-white-goose-60-down-pillows-fill-power-500,,,,,,,,,Euro/Square,,,Soft,,,,,PIL-500-EUR-SFT,0.0,,0,deny,manual,415.00,,true,true,,,,,,,,,,,,,,,,,,,,,,,kg,,,,,,,,,,,,,,,
european-white-goose-60-down-pillows-fill-power-500,,,,,,,,,Euro/Square,,,Medium,,,,,PIL-500-EUR-MED,0.0,,0,deny,manual,460.00,,true,true,,,,,,,,,,,,,,,,,,,,,,,kg,,,,,,,,,,,,,,,
european-white-goose-60-down-pillows-fill-power-500,,,,,,,,,Euro/Square,,,Firm,,,,,PIL-500-EUR-FRM,0.0,,0,deny,manual,500.00,,true,true,,,,,,,,,,,,,,,,,,,,,,,kg,,,,,,,,,,,,,,,
european-white-goose-60-down-pillows-fill-power-500,,,,,,,,,Queen,,,Soft,,,,,PIL-500-QUN-SFT,0.0,,0,deny,manual,355.00,,true,true,,,,,,,,,,,,,,,,,,,,,,,kg,,,,,,,,,,,,,,,
european-white-goose-60-down-pillows-fill-power-500,,,,,,,,,Queen,,,Medium,,,,,PIL-500-QUN-MED,0.0,,0,deny,manual,380.00,,true,true,,,,,,,,,,,,,,,,,,,,,,,kg,,,,,,,,,,,,,,,
european-white-goose-60-down-pillows-fill-power-500,,,,,,,,,Queen,,,Firm,,,,,PIL-500-QUN-FRM,0.0,,0,deny,manual,420.00,,true,true,,,,,,,,,,,,,,,,,,,,,,,kg,,,,,,,,,,,,,,,
european-white-goose-60-down-pillows-fill-power-500,,,,,,,,,King,,,Soft,,,,,PIL-500-KNG-SFT,0.0,,0,deny,manual,415.00,,true,true,,,,,,,,,,,,,,,,,,,,,,,kg,,,,,,,,,,,,,,,
european-white-goose-60-down-pillows-fill-power-500,,,,,,,,,King,,,Medium,,,,,PIL-500-KNG-MED,0.0,,0,deny,manual,460.00,,true,true,,,,,,,,,,,,,,,,,,,,,,,kg,,,,,,,,,,,,,,,
european-white-goose-60-down-pillows-fill-power-500,,,,,,,,,King,,,Firm,,,,,PIL-500-KNG-FRM,0.0,,0,deny,manual,500.00,,true,true,,,,,,,,,,,,,,,,,,,,,,,kg,,,,,,,,,,,,,,,
european-white-goose-755-fill-power-90-down-duvet,"European White Goose, 90% Down Duvet, Fill Power 755","<p>European White Goose, 90% down and 10% feathers, fill power 755 (EU).</p>
<p>Greatly exceeds the worldwide threshold for luxury at 600-700 fill power (EU).</p>
<p>Large and airy down clusters with good density and ability to trap air between the fibres for insulation and breathability.</p>
<p>Available in Summer, All-year, Winter and Polar and therefore suitable for all climates and all possible personal preferences. Can also be tailor-made to individual tastes. Each duvet is made to order with a three week lead time.</p>",Norvegr,Home & Garden > Linens & Bedding > Bedding > Quilts & Comforters,Duvets,"Duvets, Premium Collection, Top Picks",true,Size,Single,,Weight,Summer,,,,,DVT-755-SNG-SUM,0.0,,0,deny,manual,975.00,,true,true,,,,,,https://cdn.shopify.com/s/files/1/1020/3765/1794/files/classic-down-duvets.jpg?v=1787653729,1,755 fill power european white goose down duvet collection hero image,false,Classic Goose Down Duvet | Fill Power 755 | Norvegr,"Classic Collection 90% European White Goose down duvet, fill power 755. Luxurious warmth and breathability for every climate. All sizes. Made to order.",,single; double; king; twin; queen; california-king; twin-xl,other,white,,lightweight-summer; medium-all-season; extra-warm; warm-winter,,,,,,kg,,,true,,,true,,,true,,,true,,,active
european-white-goose-755-fill-power-90-down-duvet,,,,,,,,,Single,,,All Year,,,,,DVT-755-SNG-ALY,0.0,,0,deny,manual,1125.00,,true,true,,,,,,https://cdn.shopify.com/s/files/1/1020/3765/1794/files/imgi_27_Packaging_023.jpg?v=1786100425,2,Norvegr packaging for 755 fill power European White Goose down duvet,,,,,,,,,,,,,,,kg,,,,,,,,,,,,,,,
european-white-goose-755-fill-power-90-down-duvet,,,,,,,,,Single,,,Winter,,,,,DVT-755-SNG-WIN,0.0,,0,deny,manual,1420.00,,true,true,,,,,,https://cdn.shopify.com/s/files/1/1020/3765/1794/files/imgi_32_Rolled_Up_Duvet_009-1.Classic-2048x1366.jpg?v=1786100424,3,Rolled 755 fill power European White Goose down duvet showing channel construction,,,,,,,,,,,,,,,kg,,,,,,,,,,,,,,,
european-white-goose-755-fill-power-90-down-duvet,,,,,,,,,Single,,,Polar,,,,,DVT-755-SNG-POL,0.0,,0,deny,manual,1825.00,,true,true,,,,,,https://cdn.shopify.com/s/files/1/1020/3765/1794/files/imgi_37_Rolled_up_Duvet_091-copy-3.Classic-2048x1366.jpg?v=1786100425,4,Rolled 755 fill power European White Goose down duvet showing channel construction,,,,,,,,,,,,,,,kg,,,,,,,,,,,,,,,
european-white-goose-755-fill-power-90-down-duvet,,,,,,,,,Double,,,Summer,,,,,DVT-755-DBL-SUM,0.0,,0,deny,manual,1300.00,,true,true,,,,,,https://cdn.shopify.com/s/files/1/1020/3765/1794/files/imgi_42_Rolled_up_Duvet_106.Classic-2048x1366.jpg?v=1786100425,5,Rolled 755 fill power European White Goose down duvet showing channel construction,,,,,,,,,,,,,,,kg,,,,,,,,,,,,,,,
european-white-goose-755-fill-power-90-down-duvet,,,,,,,,,Double,,,All Year,,,,,DVT-755-DBL-ALY,0.0,,0,deny,manual,1505.00,,true,true,,,,,,https://cdn.shopify.com/s/files/1/1020/3765/1794/files/imgi_74_Rolled_up_Duvet_112.Classic-scaled.jpg?v=1786100425,6,Rolled 755 fill power European White Goose down duvet showing channel construction,,,,,,,,,,,,,,,kg,,,,,,,,,,,,,,,
european-white-goose-755-fill-power-90-down-duvet,,,,,,,,,Double,,,Winter,,,,,DVT-755-DBL-WIN,0.0,,0,deny,manual,1925.00,,true,true,,,,,,,,,,,,,,,,,,,,,,,kg,,,,,,,,,,,,,,,
european-white-goose-755-fill-power-90-down-duvet,,,,,,,,,Double,,,Polar,,,,,DVT-755-DBL-POL,0.0,,0,deny,manual,2515.00,,true,true,,,,,,,,,,,,,,,,,,,,,,,kg,,,,,,,,,,,,,,,
european-white-goose-755-fill-power-90-down-duvet,,,,,,,,,Superking,,,Summer,,,,,DVT-755-SKG-SUM,0.0,,0,deny,manual,1725.00,,true,true,,,,,,,,,,,,,,,,,,,,,,,kg,,,,,,,,,,,,,,,
european-white-goose-755-fill-power-90-down-duvet,,,,,,,,,Superking,,,All Year,,,,,DVT-755-SKG-ALY,0.0,,0,deny,manual,1995.00,,true,true,,,,,,,,,,,,,,,,,,,,,,,kg,,,,,,,,,,,,,,,
european-white-goose-755-fill-power-90-down-duvet,,,,,,,,,Superking,,,Winter,,,,,DVT-755-SKG-WIN,0.0,,0,deny,manual,2540.00,,true,true,,,,,,,,,,,,,,,,,,,,,,,kg,,,,,,,,,,,,,,,
european-white-goose-755-fill-power-90-down-duvet,,,,,,,,,Superking,,,Polar,,,,,DVT-755-SKG-POL,0.0,,0,deny,manual,3390.00,,true,true,,,,,,,,,,,,,,,,,,,,,,,kg,,,,,,,,,,,,,,,
european-white-goose-755-fill-power-90-down-duvet,,,,,,,,,Superking Extra Long,,,Summer,,,,,DVT-755-SKX-SUM,0.0,,0,deny,manual,1880.00,,true,true,,,,,,,,,,,,,,,,,,,,,,,kg,,,,,,,,,,,,,,,
european-white-goose-755-fill-power-90-down-duvet,,,,,,,,,Superking Extra Long,,,All Year,,,,,DVT-755-SKX-ALY,0.0,,0,deny,manual,2150.00,,true,true,,,,,,,,,,,,,,,,,,,,,,,kg,,,,,,,,,,,,,,,
european-white-goose-755-fill-power-90-down-duvet,,,,,,,,,Superking Extra Long,,,Winter,,,,,DVT-755-SKX-WIN,0.0,,0,deny,manual,2700.00,,true,true,,,,,,,,,,,,,,,,,,,,,,,kg,,,,,,,,,,,,,,,
european-white-goose-755-fill-power-90-down-duvet,,,,,,,,,Superking Extra Long,,,Polar,,,,,DVT-755-SKX-POL,0.0,,0,deny,manual,3680.00,,true,true,,,,,,,,,,,,,,,,,,,,,,,kg,,,,,,,,,,,,,,,
european-white-goose-755-fill-power-90-down-duvet,,,,,,,,,Emperor,,,Summer,,,,,DVT-755-EMP-SUM,0.0,,0,deny,manual,2255.00,,true,true,,,,,,,,,,,,,,,,,,,,,,,kg,,,,,,,,,,,,,,,
european-white-goose-755-fill-power-90-down-duvet,,,,,,,,,Emperor,,,All Year,,,,,DVT-755-EMP-ALY,0.0,,0,deny,manual,2570.00,,true,true,,,,,,,,,,,,,,,,,,,,,,,kg,,,,,,,,,,,,,,,
european-white-goose-755-fill-power-90-down-duvet,,,,,,,,,Emperor,,,Winter,,,,,DVT-755-EMP-WIN,0.0,,0,deny,manual,3190.00,,true,true,,,,,,,,,,,,,,,,,,,,,,,kg,,,,,,,,,,,,,,,
european-white-goose-755-fill-power-90-down-duvet,,,,,,,,,Emperor,,,Polar,,,,,DVT-755-EMP-POL,0.0,,0,deny,manual,4400.00,,true,true,,,,,,,,,,,,,,,,,,,,,,,kg,,,,,,,,,,,,,,,
european-white-goose-755-fill-power-90-down-duvet,,,,,,,,,Alaskan King,,,Summer,,,,,DVT-755-ALK-SUM,0.0,,0,deny,manual,3915.00,,true,true,,,,,,,,,,,,,,,,,,,,,,,kg,,,,,,,,,,,,,,,
european-white-goose-755-fill-power-90-down-duvet,,,,,,,,,Alaskan King,,,All Year,,,,,DVT-755-ALK-ALY,0.0,,0,deny,manual,4565.00,,true,true,,,,,,,,,,,,,,,,,,,,,,,kg,,,,,,,,,,,,,,,
european-white-goose-755-fill-power-90-down-duvet,,,,,,,,,Alaskan King,,,Winter,,,,,DVT-755-ALK-WIN,0.0,,0,deny,manual,6035.00,,true,true,,,,,,,,,,,,,,,,,,,,,,,kg,,,,,,,,,,,,,,,
european-white-goose-755-fill-power-90-down-duvet,,,,,,,,,Alaskan King,,,Polar,,,,,DVT-755-ALK-POL,0.0,,0,deny,manual,8965.00,,true,true,,,,,,,,,,,,,,,,,,,,,,,kg,,,,,,,,,,,,,,,
european-white-goose-755-fill-power-90-down-duvet,,,,,,,,,Full,,,Summer,,,,,DVT-755-FUL-SUM,0.0,,0,deny,manual,1475.00,,true,true,,,,,,,,,,,,,,,,,,,,,,,kg,,,,,,,,,,,,,,,
european-white-goose-755-fill-power-90-down-duvet,,,,,,,,,Full,,,All Year,,,,,DVT-755-FUL-ALY,0.0,,0,deny,manual,1695.00,,true,true,,,,,,,,,,,,,,,,,,,,,,,kg,,,,,,,,,,,,,,,
european-white-goose-755-fill-power-90-down-duvet,,,,,,,,,Full,,,Winter,,,,,DVT-755-FUL-WIN,0.0,,0,deny,manual,2160.00,,true,true,,,,,,,,,,,,,,,,,,,,,,,kg,,,,,,,,,,,,,,,
european-white-goose-755-fill-power-90-down-duvet,,,,,,,,,Full,,,Polar,,,,,DVT-755-FUL-POL,0.0,,0,deny,manual,2765.00,,true,true,,,,,,,,,,,,,,,,,,,,,,,kg,,,,,,,,,,,,,,,
european-white-goose-755-fill-power-90-down-duvet,,,,,,,,,Twin,,,Summer,,,,,DVT-755-TWN-SUM,0.0,,0,deny,manual,1275.00,,true,true,,,,,,,,,,,,,,,,,,,,,,,kg,,,,,,,,,,,,,,,
european-white-goose-755-fill-power-90-down-duvet,,,,,,,,,Twin,,,All Year,,,,,DVT-755-TWN-ALY,0.0,,0,deny,manual,1450.00,,true,true,,,,,,,,,,,,,,,,,,,,,,,kg,,,,,,,,,,,,,,,
european-white-goose-755-fill-power-90-down-duvet,,,,,,,,,Twin,,,Winter,,,,,DVT-755-TWN-WIN,0.0,,0,deny,manual,1760.00,,true,true,,,,,,,,,,,,,,,,,,,,,,,kg,,,,,,,,,,,,,,,
european-white-goose-755-fill-power-90-down-duvet,,,,,,,,,Twin,,,Polar,,,,,DVT-755-TWN-POL,0.0,,0,deny,manual,2115.00,,true,true,,,,,,,,,,,,,,,,,,,,,,,kg,,,,,,,,,,,,,,,
european-white-goose-755-fill-power-90-down-duvet,,,,,,,,,Queen,,,Summer,,,,,DVT-755-QUN-SUM,0.0,,0,deny,manual,1675.00,,true,true,,,,,,,,,,,,,,,,,,,,,,,kg,,,,,,,,,,,,,,,
european-white-goose-755-fill-power-90-down-duvet,,,,,,,,,Queen,,,All Year,,,,,DVT-755-QUN-ALY,0.0,,0,deny,manual,1910.00,,true,true,,,,,,,,,,,,,,,,,,,,,,,kg,,,,,,,,,,,,,,,
european-white-goose-755-fill-power-90-down-duvet,,,,,,,,,Queen,,,Winter,,,,,DVT-755-QUN-WIN,0.0,,0,deny,manual,2385.00,,true,true,,,,,,,,,,,,,,,,,,,,,,,kg,,,,,,,,,,,,,,,
european-white-goose-755-fill-power-90-down-duvet,,,,,,,,,Queen,,,Polar,,,,,DVT-755-QUN-POL,0.0,,0,deny,manual,3200.00,,true,true,,,,,,,,,,,,,,,,,,,,,,,kg,,,,,,,,,,,,,,,
european-white-goose-755-fill-power-90-down-duvet,,,,,,,,,XL Twin,,,Summer,,,,,DVT-755-XLT-SUM,0.0,,0,deny,manual,1400.00,,true,true,,,,,,,,,,,,,,,,,,,,,,,kg,,,,,,,,,,,,,,,
european-white-goose-755-fill-power-90-down-duvet,,,,,,,,,XL Twin,,,All Year,,,,,DVT-755-XLT-ALY,0.0,,0,deny,manual,1610.00,,true,true,,,,,,,,,,,,,,,,,,,,,,,kg,,,,,,,,,,,,,,,
european-white-goose-755-fill-power-90-down-duvet,,,,,,,,,XL Twin,,,Winter,,,,,DVT-755-XLT-WIN,0.0,,0,deny,manual,1975.00,,true,true,,,,,,,,,,,,,,,,,,,,,,,kg,,,,,,,,,,,,,,,
european-white-goose-755-fill-power-90-down-duvet,,,,,,,,,XL Twin,,,Polar,,,,,DVT-755-XLT-POL,0.0,,0,deny,manual,2670.00,,true,true,,,,,,,,,,,,,,,,,,,,,,,kg,,,,,,,,,,,,,,,
european-white-goose-755-fill-power-90-down-duvet,,,,,,,,,California King,,,Summer,,,,,DVT-755-CAK-SUM,0.0,,0,deny,manual,1880.00,,true,true,,,,,,,,,,,,,,,,,,,,,,,kg,,,,,,,,,,,,,,,
european-white-goose-755-fill-power-90-down-duvet,,,,,,,,,California King,,,All Year,,,,,DVT-755-CAK-ALY,0.0,,0,deny,manual,2150.00,,true,true,,,,,,,,,,,,,,,,,,,,,,,kg,,,,,,,,,,,,,,,
european-white-goose-755-fill-power-90-down-duvet,,,,,,,,,California King,,,Winter,,,,,DVT-755-CAK-WIN,0.0,,0,deny,manual,2700.00,,true,true,,,,,,,,,,,,,,,,,,,,,,,kg,,,,,,,,,,,,,,,
european-white-goose-755-fill-power-90-down-duvet,,,,,,,,,California King,,,Polar,,,,,DVT-755-CAK-POL,0.0,,0,deny,manual,3680.00,,true,true,,,,,,,,,,,,,,,,,,,,,,,kg,,,,,,,,,,,,,,,
european-white-goose-755-fill-power-90-down-duvet,,,,,,,,,King,,,Summer,,,,,DVT-755-KNG-SUM,0.0,,0,deny,manual,1535.00,,true,true,,,,,,,,,,,,,,,,,,,,,,,kg,,,,,,,,,,,,,,,
european-white-goose-755-fill-power-90-down-duvet,,,,,,,,,King,,,All Year,,,,,DVT-755-KNG-ALY,0.0,,0,deny,manual,1770.00,,true,true,,,,,,,,,,,,,,,,,,,,,,,kg,,,,,,,,,,,,,,,
european-white-goose-755-fill-power-90-down-duvet,,,,,,,,,King,,,Winter,,,,,DVT-755-KNG-WIN,0.0,,0,deny,manual,2240.00,,true,true,,,,,,,,,,,,,,,,,,,,,,,kg,,,,,,,,,,,,,,,
european-white-goose-755-fill-power-90-down-duvet,,,,,,,,,King,,,Polar,,,,,DVT-755-KNG-POL,0.0,,0,deny,manual,2930.00,,true,true,,,,,,,,,,,,,,,,,,,,,,,kg,,,,,,,,,,,,,,,
european-white-goose-755-fill-power-90-down-duvet,,,,,,,,,Imperial King,,,Summer,,,,,DVT-755-IMK-SUM,0.0,,0,deny,manual,2255.00,,true,true,,,,,,,,,,,,,,,,,,,,,,,kg,,,,,,,,,,,,,,,
european-white-goose-755-fill-power-90-down-duvet,,,,,,,,,Imperial King,,,All Year,,,,,DVT-755-IMK-ALY,0.0,,0,deny,manual,2570.00,,true,true,,,,,,,,,,,,,,,,,,,,,,,kg,,,,,,,,,,,,,,,
european-white-goose-755-fill-power-90-down-duvet,,,,,,,,,Imperial King,,,Winter,,,,,DVT-755-IMK-WIN,0.0,,0,deny,manual,3190.00,,true,true,,,,,,,,,,,,,,,,,,,,,,,kg,,,,,,,,,,,,,,,
european-white-goose-755-fill-power-90-down-duvet,,,,,,,,,Imperial King,,,Polar,,,,,DVT-755-IMK-POL,0.0,,0,deny,manual,4400.00,,true,true,,,,,,,,,,,,,,,,,,,,,,,kg,,,,,,,,,,,,,,,
european-white-goose-90-down-pillows-fill-power-625,"European White Goose, 90% Down Pillows, Fill Power 625","<p>European White Goose down, 90% down and 10% feathers. Fill power 625 (EU).</p>
<p>Each size is available in soft, medium and firm versions.</p>
<p>The price is per single pillow. Each pillow is made to order with a three week lead time.</p>
<p>These are exactly in the middle of our firmness scale and offer a blend of support, bounce and softness. This is the optimal collection for those desiring the best of both worlds – softness and firmness. The small, soft feathers never poke out of the pillow.</p>
<p>We recommend to ship the pillow back to us every five years for complete &lt;a href=""https://stage.norvegr.com/lifetime-products/""&gt;restoration&lt;/a&gt;. The down inside these pillows is very durable and can be restored up to four times without the quality decreasing – thereby lasting at least 25 years if maintained properly. The restoration cost is the retail price at the time of restoration, divided by four. Shipping back and forth is extra, but thanks to a generous discount with our courier, costs are modest. We will gladly help arrange your product’s return to make the process as effortless as possible for you.</p>",Norvegr,Home & Garden > Linens & Bedding > Bedding > Pillows,Pillows,"Classic Collection, Pillows",true,Size,Boudoir XL,,Firmness,Soft,,,,,PIL-625-BDX-SFT,0.0,,0,deny,manual,215.00,,true,true,,,,,,https://cdn.shopify.com/s/files/1/1020/3765/1794/files/imgi_4_european-goose-100-down-pillows.jpg?v=1787913007,1,European White Goose down pillow collection hero image,false,Classic Goose Down Pillows | Fill Power 625 | Norvegr,"Classic Collection 90% goose down pillows, fill power 625. Perfect balance of support, bounce and softness. Soft, medium and firm.",,,,,,,,,,,,kg,,,true,,,true,,,true,,,true,,,active
european-white-goose-90-down-pillows-fill-power-625,,,,,,,,,Boudoir XL,,,Medium,,,,,PIL-625-BDX-MED,0.0,,0,deny,manual,250.00,,true,true,,,,,,https://cdn.shopify.com/s/files/1/1020/3765/1794/files/imgi_54_Pillow_079-scaled.jpg?v=1787913007,2,500 fill power european white goose down pillow on bed,,,,,,,,,,,,,,,kg,,,,,,,,,,,,,,,
european-white-goose-90-down-pillows-fill-power-625,,,,,,,,,Boudoir XL,,,Firm,,,,,PIL-625-BDX-FRM,0.0,,0,deny,manual,290.00,,true,true,,,,,,https://cdn.shopify.com/s/files/1/1020/3765/1794/files/imgi_53_Pillow_044-scaled.jpg?v=1787913007,3,500 fill power european white goose down pillow on bed,,,,,,,,,,,,,,,kg,,,,,,,,,,,,,,,
european-white-goose-90-down-pillows-fill-power-625,,,,,,,,,Boudoir,,,Soft,,,,,PIL-625-BDR-SFT,0.0,,0,deny,manual,175.00,,true,true,,,,,,https://cdn.shopify.com/s/files/1/1020/3765/1794/files/imgi_33_Pillow_Down_005-Premium.jpg?v=1787913007,4,Close-up of down fill in 500 fill power European White Goose down pillow,,,,,,,,,,,,,,,kg,,,,,,,,,,,,,,,
european-white-goose-90-down-pillows-fill-power-625,,,,,,,,,Boudoir,,,Medium,,,,,PIL-625-BDR-MED,0.0,,0,deny,manual,200.00,,true,true,,,,,,,,,,,,,,,,,,,,,,,kg,,,,,,,,,,,,,,,
european-white-goose-90-down-pillows-fill-power-625,,,,,,,,,Boudoir,,,Firm,,,,,PIL-625-BDR-FRM,0.0,,0,deny,manual,235.00,,true,true,,,,,,,,,,,,,,,,,,,,,,,kg,,,,,,,,,,,,,,,
european-white-goose-90-down-pillows-fill-power-625,,,,,,,,,Standard,,,Soft,,,,,PIL-625-STD-SFT,0.0,,0,deny,manual,395.00,,true,true,,,,,,,,,,,,,,,,,,,,,,,kg,,,,,,,,,,,,,,,
european-white-goose-90-down-pillows-fill-power-625,,,,,,,,,Standard,,,Medium,,,,,PIL-625-STD-MED,0.0,,0,deny,manual,445.00,,true,true,,,,,,,,,,,,,,,,,,,,,,,kg,,,,,,,,,,,,,,,
european-white-goose-90-down-pillows-fill-power-625,,,,,,,,,Standard,,,Firm,,,,,PIL-625-STD-FRM,0.0,,0,deny,manual,495.00,,true,true,,,,,,,,,,,,,,,,,,,,,,,kg,,,,,,,,,,,,,,,
european-white-goose-90-down-pillows-fill-power-625,,,,,,,,,Euro/Square,,,Soft,,,,,PIL-625-EUR-SFT,0.0,,0,deny,manual,500.00,,true,true,,,,,,,,,,,,,,,,,,,,,,,kg,,,,,,,,,,,,,,,
european-white-goose-90-down-pillows-fill-power-625,,,,,,,,,Euro/Square,,,Medium,,,,,PIL-625-EUR-MED,0.0,,0,deny,manual,565.00,,true,true,,,,,,,,,,,,,,,,,,,,,,,kg,,,,,,,,,,,,,,,
european-white-goose-90-down-pillows-fill-power-625,,,,,,,,,Euro/Square,,,Firm,,,,,PIL-625-EUR-FRM,0.0,,0,deny,manual,625.00,,true,true,,,,,,,,,,,,,,,,,,,,,,,kg,,,,,,,,,,,,,,,
european-white-goose-90-down-pillows-fill-power-625,,,,,,,,,Queen,,,Soft,,,,,PIL-625-QUN-SFT,0.0,,0,deny,manual,395.00,,true,true,,,,,,,,,,,,,,,,,,,,,,,kg,,,,,,,,,,,,,,,
european-white-goose-90-down-pillows-fill-power-625,,,,,,,,,Queen,,,Medium,,,,,PIL-625-QUN-MED,0.0,,0,deny,manual,445.00,,true,true,,,,,,,,,,,,,,,,,,,,,,,kg,,,,,,,,,,,,,,,
european-white-goose-90-down-pillows-fill-power-625,,,,,,,,,Queen,,,Firm,,,,,PIL-625-QUN-FRM,0.0,,0,deny,manual,495.00,,true,true,,,,,,,,,,,,,,,,,,,,,,,kg,,,,,,,,,,,,,,,
european-white-goose-90-down-pillows-fill-power-625,,,,,,,,,King,,,Soft,,,,,PIL-625-KNG-SFT,0.0,,0,deny,manual,500.00,,true,true,,,,,,,,,,,,,,,,,,,,,,,kg,,,,,,,,,,,,,,,
european-white-goose-90-down-pillows-fill-power-625,,,,,,,,,King,,,Medium,,,,,PIL-625-KNG-MED,0.0,,0,deny,manual,565.00,,true,true,,,,,,,,,,,,,,,,,,,,,,,kg,,,,,,,,,,,,,,,
european-white-goose-90-down-pillows-fill-power-625,,,,,,,,,King,,,Firm,,,,,PIL-625-KNG-FRM,0.0,,0,deny,manual,625.00,,true,true,,,,,,,,,,,,,,,,,,,,,,,kg,,,,,,,,,,,,,,,
luxury-egyptian-cotton-flat-bottom-sheets,Luxury Egyptian Cotton Flat Bottom Sheets,"<p>Made in Italy<br>100 % Egyptian long-staple cotton<br>Satin weave<br>Single thread/ply<br>300 thread count</p>
<p>What makes this bed linen so luxurious?<br>Our flat bottom sheets are woven in wonderfully soft and shiny satin. This 100% Egyptian cotton sateen is made of 300 thread count, which gives a superbly luxurious appeal and a silky soft feel against your skin. The thread count is carefully selected to complement the insulating and breathing capabilities of our down duvets and pillows.</p>
<p>Care of this product:<br>– Machine wash with warm water on a gentle cycle.<br>– Do not use bleach (bleaching may weaken fabric and cause yellowing).<br>– Do not use fabric softener.<br>– Wash dark colors separately.<br>– Tumble dry on low heat.<br>– Remove while still damp.<br>– Iron on “cotton” setting to regain luster and sheen.</p>",Norvegr,Home & Garden > Linens & Bedding > Bedding > Bed Sheets > Flat Sheets,Bed Linen,Bed Linen,true,Size,"180 x 290cm (71"" x 114"")",,,,,,,,LIN-SHT-180X290,0.0,,0,deny,manual,151.00,,true,true,,,,,,https://cdn.shopify.com/s/files/1/1020/3765/1794/files/imgi_4_luxury-bed-linen-sheets.jpg?v=1787918531,1,Luxury Egyptian cotton flat bottom sheets on bed,false,Luxury Egyptian Cotton Flat Sheets | 300 TC | Norvegr,"Italian-woven 300 thread count Egyptian cotton flat sheets. Satin weave, silky soft finish. Designed to complement Norvegr down bedding.",,,,,,,,,,,,kg,,,true,,,true,,,true,,,true,,,active
luxury-egyptian-cotton-flat-bottom-sheets,,,,,,,,,"240 x 290cm (95"" x 114"")",,,,,,,,LIN-SHT-240X290,0.0,,0,deny,manual,179.00,,true,true,,,,,,https://cdn.shopify.com/s/files/1/1020/3765/1794/files/imgi_28_linen.jpg?v=1787918531,2,Norvegr luxury Egyptian cotton bed linen,,,,,,,,,,,,,,,kg,,,,,,,,,,,,,,,
luxury-egyptian-cotton-flat-bottom-sheets,,,,,,,,,"270 x 290cm (106"" x 114"")",,,,,,,,LIN-SHT-270X290,0.0,,0,deny,manual,203.00,,true,true,,,,,,,,,,,,,,,,,,,,,,,kg,,,,,,,,,,,,,,,
luxury-egyptian-cotton-flat-bottom-sheets,,,,,,,,,"300 x 290 cm (118"" x 114"")",,,,,,,,LIN-SHT-300X290,0.0,,0,deny,manual,217.00,,true,true,,,,,,,,,,,,,,,,,,,,,,,kg,,,,,,,,,,,,,,,
luxury-travel-bedding-set-with-leather-holdall,Luxury Travel Bedding Set with Leather Holdall,"<p>Outer: calfhide leather holdall in black (powder coated black hardware), navy (nickel hardware) or tan (nickel hardware).</p>
<p>Inner: 100 % goose down duvet and pillow, covered with 400 thread count cotton sateen bed linen.</p>
<p>Duvet and duvet cover: 140 x 200 cm (55″ x 79″), pillow and pillowcase: 50 x 70 cm (20″ x 28″).</p>
<p>Our travel bedding set was inspired by a combination of the often seen travel pillow, plus several of our trusted customers saying that they missed the comforts of their Norvegr duvet and pillow while they were away from home.</p>
<p>What does the travel bedding set include?<br>Each set includes a single summer down duvet and medium fill pillow – both from our Classic Collection – as well as a super soft all white Egyptian cotton satin duvet cover and pillowcase, thread count 400.</p>
<p>Everything packs down tidily within a sleek holdall in supple leather, which is available in black, navy or tan.</p>
<p>What makes this travel bedding set so luxurious?<br>As always, the Norvegr signature manufacturing process is channel constructed duvets, combined with the best qualities of pure down, without feathers.</p>
<p>Using only the finest materials available, the result is an ultra light duvet that naturally regulates moisture and temperature.</p>
<p>The Travel Bedding Set was developed as an excellent travel companion. An elite travel essential for the jetsetter, camper or festival goer.</p>
<p>May we help you? Please click here to find out our contact information. We will then get back to you with our recommendations, according to the information that you give us.</p>
<p>Or, for bespoke or made-to-measure duvets, please do get in touch.</p>",Norvegr,Home & Garden > Linens & Bedding > Bedding > Bedding Sets,Travel Sets,Travel Sets,true,Colour,Black,,,,,,,,TRV-SET-BLK,0.0,,0,deny,manual,2350.00,,true,true,,,,,,https://cdn.shopify.com/s/files/1/1020/3765/1794/files/imgi_20_travel-sets-1024x765.jpg?v=1787918839,1,Luxury travel bedding set with goose down duvet and pillow,false,Luxury Travel Bedding Set | Leather Holdall | Norvegr,"Goose down travel bedding set in a calfhide leather holdall. Includes duvet, pillow and cotton sateen linen. Black, navy or tan.",,double,,black; brown; navy,leather; cotton; satin,,,,,,,kg,,,true,,,true,,,true,,,true,,,active
luxury-travel-bedding-set-with-leather-holdall,,,,,,,,,Navy,,,,,,,,TRV-SET-NVY,0.0,,0,deny,manual,2350.00,,true,true,,,,,,https://cdn.shopify.com/s/files/1/1020/3765/1794/files/imgi_45_travel-bedding.jpg?v=1787918840,2,Luxury travel bedding set with goose down duvet and pillow,,,,,,,,,,,,,,,kg,,,,,,,,,,,,,,,
luxury-travel-bedding-set-with-leather-holdall,,,,,,,,,Tan,,,,,,,,TRV-SET-TAN,0.0,,0,deny,manual,2350.00,,true,true,,,,,,https://cdn.shopify.com/s/files/1/1020/3765/1794/files/imgi_42_luxury-travel-bedding-leather-bag.jpg?v=1787918840,3,Luxury travel bedding set with goose down duvet and pillow,,,,,,,,,,,,,,,kg,,,,,,,,,,,,,,,
luxury-travel-bedding-set-with-leather-holdall,,,,,,,,,,,,,,,,,,,,,,,,,,,,,,,,https://cdn.shopify.com/s/files/1/1020/3765/1794/files/imgi_39_luxury-travel-bedding.jpg?v=1787918840,4,Luxury travel bedding set with goose down duvet and pillow,,,,,,,,,,,,,,,,,,,,,,,,,,,,,,
luxury-travel-bedding-set-with-leather-holdall,,,,,,,,,,,,,,,,,,,,,,,,,,,,,,,,https://cdn.shopify.com/s/files/1/1020/3765/1794/files/imgi_34_travel-bedding-set-navy_1.jpg?v=1787918839,5,Navy leather travel bedding set by Norvegr,,,,,,,,,,,,,,,,,,,,,,,,,,,,,,
luxury-travel-bedding-set-with-leather-holdall,,,,,,,,,,,,,,,,,,,,,,,,,,,,,,,,https://cdn.shopify.com/s/files/1/1020/3765/1794/files/imgi_26_black-travel-bedding-luxury-768x1064.jpg?v=1787918840,6,Black leather travel bedding holdall by Norvegr,,,,,,,,,,,,,,,,,,,,,,,,,,,,,,
masurian-white-goose-100-down-duvet-fill-power-915,"Masurian White Goose, 100% Down Duvet, Fill Power 915","<p>This is a non-commercially available quality that exceeds the fill power scale. However, a generous portion is secured each year.</p>
<p>Each down cluster is significantly larger than the peak commercially available qualities.</p>
<p>The density is extreme and the ability to trap air for insulation and breathability is as high as it gets for goose down.</p>
<p>The down has good cling, creating extra pockets of air in between the down clusters.</p>
<p>For those that prefer a lofty-looking duvet for aesthetic reasons, this collection can be chosen as Winter weight. It will work well all year round in air-conditioned bedrooms or bedrooms where the night-time temperatures are a few degrees colder than during the day. The Polar weight will be fine for particularly chilly air-conditioned bedrooms.</p>
<p>Available in Summer, All-year, Winter and Polar and therefore suitable for all climates and all possible personal preferences. Can also be tailor-made to suit individual preferences. Each duvet is made to order with a three week lead time.</p>",Norvegr,Home & Garden > Linens & Bedding > Bedding > Quilts & Comforters,Duvets,"Duvets, Premium Collection, Top Picks",true,Size,Single,,Weight,Summer,,,,,DVT-915-SNG-SUM,0.0,,0,deny,manual,1420.00,,true,true,,,,,,https://cdn.shopify.com/s/files/1/1020/3765/1794/files/imgi_24_premium-plus-down-duvets.jpg?v=1787911334,1,915 fill power masurian white goose down duvet collection hero image,false,Masurian Goose Down Duvet | Fill Power 915 | Norvegr,"Premium Plus 100% Masurian White Goose down duvet, fill power 915. Exceptional cluster size and insulation. All weights and sizes. Made to order.",,single; double; king; twin; queen; california-king; twin-xl,other,white,,lightweight-summer; medium-all-season; extra-warm; warm-winter,,,,,,kg,,,true,,,true,,,true,,,true,,,active
masurian-white-goose-100-down-duvet-fill-power-915,,,,,,,,,Single,,,All Year,,,,,DVT-915-SNG-ALY,0.0,,0,deny,manual,2070.00,,true,true,,,,,,https://cdn.shopify.com/s/files/1/1020/3765/1794/files/imgi_26_Down_085_cropped-Premium-Plus-1024x736.jpg?v=1787911359,2,Close-up of down fill in 915 fill power Masurian White Goose down duvet,,,,,,,,,,,,,,,kg,,,,,,,,,,,,,,,
masurian-white-goose-100-down-duvet-fill-power-915,,,,,,,,,Single,,,Winter,,,,,DVT-915-SNG-WIN,0.0,,0,deny,manual,2955.00,,true,true,,,,,,https://cdn.shopify.com/s/files/1/1020/3765/1794/files/imgi_80_Duvet_Close_Up_197-Premium-Plus-scaled.jpg?v=1787911336,3,Close-up of down fill in 915 fill power Masurian White Goose down duvet,,,,,,,,,,,,,,,kg,,,,,,,,,,,,,,,
masurian-white-goose-100-down-duvet-fill-power-915,,,,,,,,,Single,,,Polar,,,,,DVT-915-SNG-POL,0.0,,0,deny,manual,4440.00,,true,true,,,,,,https://cdn.shopify.com/s/files/1/1020/3765/1794/files/imgi_39_Packaging_023-1.jpg?v=1787911335,4,Norvegr packaging for 915 fill power Masurian White Goose down duvet,,,,,,,,,,,,,,,kg,,,,,,,,,,,,,,,
masurian-white-goose-100-down-duvet-fill-power-915,,,,,,,,,Double,,,Summer,,,,,DVT-915-DBL-SUM,0.0,,0,deny,manual,1855.00,,true,true,,,,,,https://cdn.shopify.com/s/files/1/1020/3765/1794/files/imgi_82_Rolled_up_Duvet_091-copy-Premium-Plus-scaled.jpg?v=1787911335,5,Rolled 915 fill power Masurian White Goose down duvet showing channel construction,,,,,,,,,,,,,,,kg,,,,,,,,,,,,,,,
masurian-white-goose-100-down-duvet-fill-power-915,,,,,,,,,Double,,,All Year,,,,,DVT-915-DBL-ALY,0.0,,0,deny,manual,2780.00,,true,true,,,,,,https://cdn.shopify.com/s/files/1/1020/3765/1794/files/imgi_81_Rolled_Up_Duvet_018-1-Premium-Plus-scaled.jpg?v=1787911335,6,Rolled 915 fill power Masurian White Goose down duvet showing channel construction,,,,,,,,,,,,,,,kg,,,,,,,,,,,,,,,
masurian-white-goose-100-down-duvet-fill-power-915,,,,,,,,,Double,,,Winter,,,,,DVT-915-DBL-WIN,0.0,,0,deny,manual,4035.00,,true,true,,,,,,https://cdn.shopify.com/s/files/1/1020/3765/1794/files/imgi_83_Rolled_up_Duvet_106-copy-Premium-Plus-scaled.jpg?v=1787911335,7,Rolled 915 fill power Masurian White Goose down duvet showing channel construction,,,,,,,,,,,,,,,kg,,,,,,,,,,,,,,,
masurian-white-goose-100-down-duvet-fill-power-915,,,,,,,,,Double,,,Polar,,,,,DVT-915-DBL-POL,0.0,,0,deny,manual,6190.00,,true,true,,,,,,,,,,,,,,,,,,,,,,,kg,,,,,,,,,,,,,,,
masurian-white-goose-100-down-duvet-fill-power-915,,,,,,,,,Superking,,,Summer,,,,,DVT-915-SKG-SUM,0.0,,0,deny,manual,2745.00,,true,true,,,,,,,,,,,,,,,,,,,,,,,kg,,,,,,,,,,,,,,,
masurian-white-goose-100-down-duvet-fill-power-915,,,,,,,,,Superking,,,All Year,,,,,DVT-915-SKG-ALY,0.0,,0,deny,manual,3960.00,,true,true,,,,,,,,,,,,,,,,,,,,,,,kg,,,,,,,,,,,,,,,
masurian-white-goose-100-down-duvet-fill-power-915,,,,,,,,,Superking,,,Winter,,,,,DVT-915-SKG-WIN,0.0,,0,deny,manual,5575.00,,true,true,,,,,,,,,,,,,,,,,,,,,,,kg,,,,,,,,,,,,,,,
masurian-white-goose-100-down-duvet-fill-power-915,,,,,,,,,Superking,,,Polar,,,,,DVT-915-SKG-POL,0.0,,0,deny,manual,8660.00,,true,true,,,,,,,,,,,,,,,,,,,,,,,kg,,,,,,,,,,,,,,,
masurian-white-goose-100-down-duvet-fill-power-915,,,,,,,,,Superking Extra Long,,,Summer,,,,,DVT-915-SKX-SUM,0.0,,0,deny,manual,3180.00,,true,true,,,,,,,,,,,,,,,,,,,,,,,kg,,,,,,,,,,,,,,,
masurian-white-goose-100-down-duvet-fill-power-915,,,,,,,,,Superking Extra Long,,,All Year,,,,,DVT-915-SKX-ALY,0.0,,0,deny,manual,4395.00,,true,true,,,,,,,,,,,,,,,,,,,,,,,kg,,,,,,,,,,,,,,,
masurian-white-goose-100-down-duvet-fill-power-915,,,,,,,,,Superking Extra Long,,,Winter,,,,,DVT-915-SKX-WIN,0.0,,0,deny,manual,6020.00,,true,true,,,,,,,,,,,,,,,,,,,,,,,kg,,,,,,,,,,,,,,,
masurian-white-goose-100-down-duvet-fill-power-915,,,,,,,,,Superking Extra Long,,,Polar,,,,,DVT-915-SKX-POL,0.0,,0,deny,manual,9420.00,,true,true,,,,,,,,,,,,,,,,,,,,,,,kg,,,,,,,,,,,,,,,
masurian-white-goose-100-down-duvet-fill-power-915,,,,,,,,,Emperor,,,Summer,,,,,DVT-915-EMP-SUM,0.0,,0,deny,manual,3650.00,,true,true,,,,,,,,,,,,,,,,,,,,,,,kg,,,,,,,,,,,,,,,
masurian-white-goose-100-down-duvet-fill-power-915,,,,,,,,,Emperor,,,All Year,,,,,DVT-915-EMP-ALY,0.0,,0,deny,manual,5030.00,,true,true,,,,,,,,,,,,,,,,,,,,,,,kg,,,,,,,,,,,,,,,
masurian-white-goose-100-down-duvet-fill-power-915,,,,,,,,,Emperor,,,Winter,,,,,DVT-915-EMP-WIN,0.0,,0,deny,manual,6875.00,,true,true,,,,,,,,,,,,,,,,,,,,,,,kg,,,,,,,,,,,,,,,
masurian-white-goose-100-down-duvet-fill-power-915,,,,,,,,,Emperor,,,Polar,,,,,DVT-915-EMP-POL,0.0,,0,deny,manual,10875.00,,true,true,,,,,,,,,,,,,,,,,,,,,,,kg,,,,,,,,,,,,,,,
masurian-white-goose-100-down-duvet-fill-power-915,,,,,,,,,Alaskan King,,,Summer,,,,,DVT-915-ALK-SUM,0.0,,0,deny,manual,5870.00,,true,true,,,,,,,,,,,,,,,,,,,,,,,kg,,,,,,,,,,,,,,,
masurian-white-goose-100-down-duvet-fill-power-915,,,,,,,,,Alaskan King,,,All Year,,,,,DVT-915-ALK-ALY,0.0,,0,deny,manual,8315.00,,true,true,,,,,,,,,,,,,,,,,,,,,,,kg,,,,,,,,,,,,,,,
masurian-white-goose-100-down-duvet-fill-power-915,,,,,,,,,Alaskan King,,,Winter,,,,,DVT-915-ALK-WIN,0.0,,0,deny,manual,11250.00,,true,true,,,,,,,,,,,,,,,,,,,,,,,kg,,,,,,,,,,,,,,,
masurian-white-goose-100-down-duvet-fill-power-915,,,,,,,,,Alaskan King,,,Polar,,,,,DVT-915-ALK-POL,0.0,,0,deny,manual,16625.00,,true,true,,,,,,,,,,,,,,,,,,,,,,,kg,,,,,,,,,,,,,,,
masurian-white-goose-100-down-duvet-fill-power-915,,,,,,,,,Full,,,Summer,,,,,DVT-915-FUL-SUM,0.0,,0,deny,manual,2410.00,,true,true,,,,,,,,,,,,,,,,,,,,,,,kg,,,,,,,,,,,,,,,
masurian-white-goose-100-down-duvet-fill-power-915,,,,,,,,,Full,,,All Year,,,,,DVT-915-FUL-ALY,0.0,,0,deny,manual,3370.00,,true,true,,,,,,,,,,,,,,,,,,,,,,,kg,,,,,,,,,,,,,,,
masurian-white-goose-100-down-duvet-fill-power-915,,,,,,,,,Full,,,Winter,,,,,DVT-915-FUL-WIN,0.0,,0,deny,manual,4785.00,,true,true,,,,,,,,,,,,,,,,,,,,,,,kg,,,,,,,,,,,,,,,
masurian-white-goose-100-down-duvet-fill-power-915,,,,,,,,,Full,,,Polar,,,,,DVT-915-FUL-POL,0.0,,0,deny,manual,8010.00,,true,true,,,,,,,,,,,,,,,,,,,,,,,kg,,,,,,,,,,,,,,,
masurian-white-goose-100-down-duvet-fill-power-915,,,,,,,,,Twin,,,Summer,,,,,DVT-915-TWN-SUM,0.0,,0,deny,manual,2055.00,,true,true,,,,,,,,,,,,,,,,,,,,,,,kg,,,,,,,,,,,,,,,
masurian-white-goose-100-down-duvet-fill-power-915,,,,,,,,,Twin,,,All Year,,,,,DVT-915-TWN-ALY,0.0,,0,deny,manual,2760.00,,true,true,,,,,,,,,,,,,,,,,,,,,,,kg,,,,,,,,,,,,,,,
masurian-white-goose-100-down-duvet-fill-power-915,,,,,,,,,Twin,,,Winter,,,,,DVT-915-TWN-WIN,0.0,,0,deny,manual,3720.00,,true,true,,,,,,,,,,,,,,,,,,,,,,,kg,,,,,,,,,,,,,,,
masurian-white-goose-100-down-duvet-fill-power-915,,,,,,,,,Twin,,,Polar,,,,,DVT-915-TWN-POL,0.0,,0,deny,manual,5180.00,,true,true,,,,,,,,,,,,,,,,,,,,,,,kg,,,,,,,,,,,,,,,
masurian-white-goose-100-down-duvet-fill-power-915,,,,,,,,,Queen,,,Summer,,,,,DVT-915-QUN-SUM,0.0,,0,deny,manual,2890.00,,true,true,,,,,,,,,,,,,,,,,,,,,,,kg,,,,,,,,,,,,,,,
masurian-white-goose-100-down-duvet-fill-power-915,,,,,,,,,Queen,,,All Year,,,,,DVT-915-QUN-ALY,0.0,,0,deny,manual,3940.00,,true,true,,,,,,,,,,,,,,,,,,,,,,,kg,,,,,,,,,,,,,,,
masurian-white-goose-100-down-duvet-fill-power-915,,,,,,,,,Queen,,,Winter,,,,,DVT-915-QUN-WIN,0.0,,0,deny,manual,5340.00,,true,true,,,,,,,,,,,,,,,,,,,,,,,kg,,,,,,,,,,,,,,,
masurian-white-goose-100-down-duvet-fill-power-915,,,,,,,,,Queen,,,Polar,,,,,DVT-915-QUN-POL,0.0,,0,deny,manual,8085.00,,true,true,,,,,,,,,,,,,,,,,,,,,,,kg,,,,,,,,,,,,,,,
masurian-white-goose-100-down-duvet-fill-power-915,,,,,,,,,XL Twin,,,Summer,,,,,DVT-915-XLT-SUM,0.0,,0,deny,manual,2285.00,,true,true,,,,,,,,,,,,,,,,,,,,,,,kg,,,,,,,,,,,,,,,
masurian-white-goose-100-down-duvet-fill-power-915,,,,,,,,,XL Twin,,,All Year,,,,,DVT-915-XLT-ALY,0.0,,0,deny,manual,3090.00,,true,true,,,,,,,,,,,,,,,,,,,,,,,kg,,,,,,,,,,,,,,,
masurian-white-goose-100-down-duvet-fill-power-915,,,,,,,,,XL Twin,,,Winter,,,,,DVT-915-XLT-WIN,0.0,,0,deny,manual,4195.00,,true,true,,,,,,,,,,,,,,,,,,,,,,,kg,,,,,,,,,,,,,,,
masurian-white-goose-100-down-duvet-fill-power-915,,,,,,,,,XL Twin,,,Polar,,,,,DVT-915-XLT-POL,0.0,,0,deny,manual,6630.00,,true,true,,,,,,,,,,,,,,,,,,,,,,,kg,,,,,,,,,,,,,,,
masurian-white-goose-100-down-duvet-fill-power-915,,,,,,,,,California King,,,Summer,,,,,DVT-915-CAK-SUM,0.0,,0,deny,manual,3180.00,,true,true,,,,,,,,,,,,,,,,,,,,,,,kg,,,,,,,,,,,,,,,
masurian-white-goose-100-down-duvet-fill-power-915,,,,,,,,,California King,,,All Year,,,,,DVT-915-CAK-ALY,0.0,,0,deny,manual,4395.00,,true,true,,,,,,,,,,,,,,,,,,,,,,,kg,,,,,,,,,,,,,,,
masurian-white-goose-100-down-duvet-fill-power-915,,,,,,,,,California King,,,Winter,,,,,DVT-915-CAK-WIN,0.0,,0,deny,manual,6020.00,,true,true,,,,,,,,,,,,,,,,,,,,,,,kg,,,,,,,,,,,,,,,
masurian-white-goose-100-down-duvet-fill-power-915,,,,,,,,,California King,,,Polar,,,,,DVT-915-CAK-POL,0.0,,0,deny,manual,9420.00,,true,true,,,,,,,,,,,,,,,,,,,,,,,kg,,,,,,,,,,,,,,,
masurian-white-goose-100-down-duvet-fill-power-915,,,,,,,,,King,,,Summer,,,,,DVT-915-KNG-SUM,0.0,,0,deny,manual,2455.00,,true,true,,,,,,,,,,,,,,,,,,,,,,,kg,,,,,,,,,,,,,,,
masurian-white-goose-100-down-duvet-fill-power-915,,,,,,,,,King,,,All Year,,,,,DVT-915-KNG-ALY,0.0,,0,deny,manual,3505.00,,true,true,,,,,,,,,,,,,,,,,,,,,,,kg,,,,,,,,,,,,,,,
masurian-white-goose-100-down-duvet-fill-power-915,,,,,,,,,King,,,Winter,,,,,DVT-915-KNG-WIN,0.0,,0,deny,manual,4905.00,,true,true,,,,,,,,,,,,,,,,,,,,,,,kg,,,,,,,,,,,,,,,
masurian-white-goose-100-down-duvet-fill-power-915,,,,,,,,,King,,,Polar,,,,,DVT-915-KNG-POL,0.0,,0,deny,manual,7435.00,,true,true,,,,,,,,,,,,,,,,,,,,,,,kg,,,,,,,,,,,,,,,
masurian-white-goose-100-down-duvet-fill-power-915,,,,,,,,,Imperial King,,,Summer,,,,,DVT-915-IMK-SUM,0.0,,0,deny,manual,3650.00,,true,true,,,,,,,,,,,,,,,,,,,,,,,kg,,,,,,,,,,,,,,,
masurian-white-goose-100-down-duvet-fill-power-915,,,,,,,,,Imperial King,,,All Year,,,,,DVT-915-IMK-ALY,0.0,,0,deny,manual,5030.00,,true,true,,,,,,,,,,,,,,,,,,,,,,,kg,,,,,,,,,,,,,,,
masurian-white-goose-100-down-duvet-fill-power-915,,,,,,,,,Imperial King,,,Winter,,,,,DVT-915-IMK-WIN,0.0,,0,deny,manual,6875.00,,true,true,,,,,,,,,,,,,,,,,,,,,,,kg,,,,,,,,,,,,,,,
masurian-white-goose-100-down-duvet-fill-power-915,,,,,,,,,Imperial King,,,Polar,,,,,DVT-915-IMK-POL,0.0,,0,deny,manual,10875.00,,true,true,,,,,,,,,,,,,,,,,,,,,,,kg,,,,,,,,,,,,,,,
norwegian-eiderdown-duvet-hand-picked-limited-supply,"Norwegian Eiderdown Duvet, Hand picked, limited supply","<p>Norwegian eiderdown, gathered from abandoned nests by hand, fill power rarely measured but insulates at well over 1000 (EU).</p>
<p>Eiderdown is the best of the best when it comes to down and annual supply is limited.</p>
<p>As the raw material can only be gathered once a year, once the eider ducks and ducklings have left their nests, production cannot be increased.</p>
<p>We rely on natural supply each year – nature decides.</p>
<p>This down expands when warmed up by your body. No other material in nature can match its insulating abilities. The cling of eiderdown is also unparalleled.</p>
<p>Although very warm, it breathes spectacularly well and is therefore great for light summer duvets. It’s the most durable down there is. A Norwegian treasure that can last 100 years and be passed down through generations if properly maintained.</p>
<p>Available in Summer, All-year, Winter and Polar and therefore suitable for all climates of and all possible personal preferences. Can also be tailor-made to suit individual tastes. Each duvet is made to order with a three week lead time.</p>",Norvegr,Home & Garden > Linens & Bedding > Bedding > Quilts & Comforters,Duvets,"Duvets, Premium Collection, Top Picks",true,Size,Single,,Weight,Summer,,,,,DVT-EID-SNG-SUM,0.0,,0,deny,manual,4745.00,,true,true,,,,,,https://cdn.shopify.com/s/files/1/1020/3765/1794/files/imgi_21_norwegian-eiderdown-duvet-comforter.jpg?v=1787911054,1,Norwegian eiderdown duvet on bed,false,Norwegian Eiderdown Duvet | Limited Edition | Norvegr,"Hand-picked Norwegian eiderdown duvet. The rarest, most insulating down in the world. Limited supply. All weights and sizes. Made to order.",,single; double; king; twin; queen; california-king; twin-xl,other,white,,lightweight-summer; medium-all-season; extra-warm; warm-winter,,,,,,kg,,,true,,,true,,,true,,,true,,,active
norwegian-eiderdown-duvet-hand-picked-limited-supply,,,,,,,,,Single,,,All Year,,,,,DVT-EID-SNG-ALY,0.0,,0,deny,manual,6480.00,,true,true,,,,,,https://cdn.shopify.com/s/files/1/1020/3765/1794/files/imgi_27_Down_143-Eiderdown.jpg?v=1787911055,2,Close-up of down fill in Norwegian eiderdown duvet,,,,,,,,,,,,,,,kg,,,,,,,,,,,,,,,
norwegian-eiderdown-duvet-hand-picked-limited-supply,,,,,,,,,Single,,,Winter,,,,,DVT-EID-SNG-WIN,0.0,,0,deny,manual,9955.00,,true,true,,,,,,https://cdn.shopify.com/s/files/1/1020/3765/1794/files/imgi_32_Duvet_Close_Up_166-Eiderdown-2048x1366.jpg?v=1787911055,3,Close-up of down fill in Norwegian eiderdown duvet,,,,,,,,,,,,,,,kg,,,,,,,,,,,,,,,
norwegian-eiderdown-duvet-hand-picked-limited-supply,,,,,,,,,Single,,,Polar,,,,,DVT-EID-SNG-POL,0.0,,0,deny,manual,15760.00,,true,true,,,,,,https://cdn.shopify.com/s/files/1/1020/3765/1794/files/imgi_38_Duvet_Close_Up_176-Eiderdown.jpg?v=1787911055,4,Close-up of down fill in Norwegian eiderdown duvet,,,,,,,,,,,,,,,kg,,,,,,,,,,,,,,,
norwegian-eiderdown-duvet-hand-picked-limited-supply,,,,,,,,,Double,,,Summer,,,,,DVT-EID-DBL-SUM,0.0,,0,deny,manual,6400.00,,true,true,,,,,,https://cdn.shopify.com/s/files/1/1020/3765/1794/files/imgi_42_Packaging_025-1104x1536.jpg?v=1787911054,5,Norvegr packaging for Norwegian eiderdown duvet,,,,,,,,,,,,,,,kg,,,,,,,,,,,,,,,
norwegian-eiderdown-duvet-hand-picked-limited-supply,,,,,,,,,Double,,,All Year,,,,,DVT-EID-DBL-ALY,0.0,,0,deny,manual,8860.00,,true,true,,,,,,https://cdn.shopify.com/s/files/1/1020/3765/1794/files/imgi_49_Rolled_Up_Duvet_046-Eiderdown-2048x1366.jpg?v=1787911055,6,Rolled Norwegian eiderdown duvet showing channel construction,,,,,,,,,,,,,,,kg,,,,,,,,,,,,,,,
norwegian-eiderdown-duvet-hand-picked-limited-supply,,,,,,,,,Double,,,Winter,,,,,DVT-EID-DBL-WIN,0.0,,0,deny,manual,13780.00,,true,true,,,,,,,,,,,,,,,,,,,,,,,kg,,,,,,,,,,,,,,,
norwegian-eiderdown-duvet-hand-picked-limited-supply,,,,,,,,,Double,,,Polar,,,,,DVT-EID-DBL-POL,0.0,,0,deny,manual,22245.00,,true,true,,,,,,,,,,,,,,,,,,,,,,,kg,,,,,,,,,,,,,,,
norwegian-eiderdown-duvet-hand-picked-limited-supply,,,,,,,,,Superking,,,Summer,,,,,DVT-EID-SKG-SUM,0.0,,0,deny,manual,9645.00,,true,true,,,,,,,,,,,,,,,,,,,,,,,kg,,,,,,,,,,,,,,,
norwegian-eiderdown-duvet-hand-picked-limited-supply,,,,,,,,,Superking,,,All Year,,,,,DVT-EID-SKG-ALY,0.0,,0,deny,manual,12830.00,,true,true,,,,,,,,,,,,,,,,,,,,,,,kg,,,,,,,,,,,,,,,
norwegian-eiderdown-duvet-hand-picked-limited-supply,,,,,,,,,Superking,,,Winter,,,,,DVT-EID-SKG-WIN,0.0,,0,deny,manual,19200.00,,true,true,,,,,,,,,,,,,,,,,,,,,,,kg,,,,,,,,,,,,,,,
norwegian-eiderdown-duvet-hand-picked-limited-supply,,,,,,,,,Superking,,,Polar,,,,,DVT-EID-SKG-POL,0.0,,0,deny,manual,31535.00,,true,true,,,,,,,,,,,,,,,,,,,,,,,kg,,,,,,,,,,,,,,,
norwegian-eiderdown-duvet-hand-picked-limited-supply,,,,,,,,,Superking Extra Long,,,Summer,,,,,DVT-EID-SKX-SUM,0.0,,0,deny,manual,11285.00,,true,true,,,,,,,,,,,,,,,,,,,,,,,kg,,,,,,,,,,,,,,,
norwegian-eiderdown-duvet-hand-picked-limited-supply,,,,,,,,,Superking Extra Long,,,All Year,,,,,DVT-EID-SKX-ALY,0.0,,0,deny,manual,14470.00,,true,true,,,,,,,,,,,,,,,,,,,,,,,kg,,,,,,,,,,,,,,,
norwegian-eiderdown-duvet-hand-picked-limited-supply,,,,,,,,,Superking Extra Long,,,Winter,,,,,DVT-EID-SKX-WIN,0.0,,0,deny,manual,20840.00,,true,true,,,,,,,,,,,,,,,,,,,,,,,kg,,,,,,,,,,,,,,,
norwegian-eiderdown-duvet-hand-picked-limited-supply,,,,,,,,,Superking Extra Long,,,Polar,,,,,DVT-EID-SKX-POL,0.0,,0,deny,manual,34395.00,,true,true,,,,,,,,,,,,,,,,,,,,,,,kg,,,,,,,,,,,,,,,
norwegian-eiderdown-duvet-hand-picked-limited-supply,,,,,,,,,Emperor,,,Summer,,,,,DVT-EID-EMP-SUM,0.0,,0,deny,manual,12870.00,,true,true,,,,,,,,,,,,,,,,,,,,,,,kg,,,,,,,,,,,,,,,
norwegian-eiderdown-duvet-hand-picked-limited-supply,,,,,,,,,Emperor,,,All Year,,,,,DVT-EID-EMP-ALY,0.0,,0,deny,manual,16490.00,,true,true,,,,,,,,,,,,,,,,,,,,,,,kg,,,,,,,,,,,,,,,
norwegian-eiderdown-duvet-hand-picked-limited-supply,,,,,,,,,Emperor,,,Winter,,,,,DVT-EID-EMP-WIN,0.0,,0,deny,manual,23725.00,,true,true,,,,,,,,,,,,,,,,,,,,,,,kg,,,,,,,,,,,,,,,
norwegian-eiderdown-duvet-hand-picked-limited-supply,,,,,,,,,Emperor,,,Polar,,,,,DVT-EID-EMP-POL,0.0,,0,deny,manual,38610.00,,true,true,,,,,,,,,,,,,,,,,,,,,,,kg,,,,,,,,,,,,,,,
norwegian-eiderdown-duvet-hand-picked-limited-supply,,,,,,,,,Alaskan King,,,Summer,,,,,DVT-EID-ALK-SUM,0.0,,0,deny,manual,20700.00,,true,true,,,,,,,,,,,,,,,,,,,,,,,kg,,,,,,,,,,,,,,,
norwegian-eiderdown-duvet-hand-picked-limited-supply,,,,,,,,,Alaskan King,,,All Year,,,,,DVT-EID-ALK-ALY,0.0,,0,deny,manual,26245.00,,true,true,,,,,,,,,,,,,,,,,,,,,,,kg,,,,,,,,,,,,,,,
norwegian-eiderdown-duvet-hand-picked-limited-supply,,,,,,,,,Alaskan King,,,Winter,,,,,DVT-EID-ALK-WIN,0.0,,0,deny,manual,39120.00,,true,true,,,,,,,,,,,,,,,,,,,,,,,kg,,,,,,,,,,,,,,,
norwegian-eiderdown-duvet-hand-picked-limited-supply,,,,,,,,,Alaskan King,,,Polar,,,,,DVT-EID-ALK-POL,0.0,,0,deny,manual,58680.00,,true,true,,,,,,,,,,,,,,,,,,,,,,,kg,,,,,,,,,,,,,,,
norwegian-eiderdown-duvet-hand-picked-limited-supply,,,,,,,,,Full,,,Summer,,,,,DVT-EID-FUL-SUM,0.0,,0,deny,manual,7765.00,,true,true,,,,,,,,,,,,,,,,,,,,,,,kg,,,,,,,,,,,,,,,
norwegian-eiderdown-duvet-hand-picked-limited-supply,,,,,,,,,Full,,,All Year,,,,,DVT-EID-FUL-ALY,0.0,,0,deny,manual,10715.00,,true,true,,,,,,,,,,,,,,,,,,,,,,,kg,,,,,,,,,,,,,,,
norwegian-eiderdown-duvet-hand-picked-limited-supply,,,,,,,,,Full,,,Winter,,,,,DVT-EID-FUL-WIN,0.0,,0,deny,manual,15835.00,,true,true,,,,,,,,,,,,,,,,,,,,,,,kg,,,,,,,,,,,,,,,
norwegian-eiderdown-duvet-hand-picked-limited-supply,,,,,,,,,Full,,,Polar,,,,,DVT-EID-FUL-POL,0.0,,0,deny,manual,24560.00,,true,true,,,,,,,,,,,,,,,,,,,,,,,kg,,,,,,,,,,,,,,,
norwegian-eiderdown-duvet-hand-picked-limited-supply,,,,,,,,,Twin,,,Summer,,,,,DVT-EID-TWN-SUM,0.0,,0,deny,manual,7070.00,,true,true,,,,,,,,,,,,,,,,,,,,,,,kg,,,,,,,,,,,,,,,
norwegian-eiderdown-duvet-hand-picked-limited-supply,,,,,,,,,Twin,,,All Year,,,,,DVT-EID-TWN-ALY,0.0,,0,deny,manual,8940.00,,true,true,,,,,,,,,,,,,,,,,,,,,,,kg,,,,,,,,,,,,,,,
norwegian-eiderdown-duvet-hand-picked-limited-supply,,,,,,,,,Twin,,,Winter,,,,,DVT-EID-TWN-WIN,0.0,,0,deny,manual,12665.00,,true,true,,,,,,,,,,,,,,,,,,,,,,,kg,,,,,,,,,,,,,,,
norwegian-eiderdown-duvet-hand-picked-limited-supply,,,,,,,,,Twin,,,Polar,,,,,DVT-EID-TWN-POL,0.0,,0,deny,manual,18330.00,,true,true,,,,,,,,,,,,,,,,,,,,,,,kg,,,,,,,,,,,,,,,
norwegian-eiderdown-duvet-hand-picked-limited-supply,,,,,,,,,Queen,,,Summer,,,,,DVT-EID-QUN-SUM,0.0,,0,deny,manual,9875.00,,true,true,,,,,,,,,,,,,,,,,,,,,,,kg,,,,,,,,,,,,,,,
norwegian-eiderdown-duvet-hand-picked-limited-supply,,,,,,,,,Queen,,,All Year,,,,,DVT-EID-QUN-ALY,0.0,,0,deny,manual,12630.00,,true,true,,,,,,,,,,,,,,,,,,,,,,,kg,,,,,,,,,,,,,,,
norwegian-eiderdown-duvet-hand-picked-limited-supply,,,,,,,,,Queen,,,Winter,,,,,DVT-EID-QUN-WIN,0.0,,0,deny,manual,18130.00,,true,true,,,,,,,,,,,,,,,,,,,,,,,kg,,,,,,,,,,,,,,,
norwegian-eiderdown-duvet-hand-picked-limited-supply,,,,,,,,,Queen,,,Polar,,,,,DVT-EID-QUN-POL,0.0,,0,deny,manual,29250.00,,true,true,,,,,,,,,,,,,,,,,,,,,,,kg,,,,,,,,,,,,,,,
norwegian-eiderdown-duvet-hand-picked-limited-supply,,,,,,,,,XL Twin,,,Summer,,,,,DVT-EID-XLT-SUM,0.0,,0,deny,manual,7780.00,,true,true,,,,,,,,,,,,,,,,,,,,,,,kg,,,,,,,,,,,,,,,
norwegian-eiderdown-duvet-hand-picked-limited-supply,,,,,,,,,XL Twin,,,All Year,,,,,DVT-EID-XLT-ALY,0.0,,0,deny,manual,10245.00,,true,true,,,,,,,,,,,,,,,,,,,,,,,kg,,,,,,,,,,,,,,,
norwegian-eiderdown-duvet-hand-picked-limited-supply,,,,,,,,,XL Twin,,,Winter,,,,,DVT-EID-XLT-WIN,0.0,,0,deny,manual,14595.00,,true,true,,,,,,,,,,,,,,,,,,,,,,,kg,,,,,,,,,,,,,,,
norwegian-eiderdown-duvet-hand-picked-limited-supply,,,,,,,,,XL Twin,,,Polar,,,,,DVT-EID-XLT-POL,0.0,,0,deny,manual,24140.00,,true,true,,,,,,,,,,,,,,,,,,,,,,,kg,,,,,,,,,,,,,,,
norwegian-eiderdown-duvet-hand-picked-limited-supply,,,,,,,,,California King,,,Summer,,,,,DVT-EID-CAK-SUM,0.0,,0,deny,manual,11285.00,,true,true,,,,,,,,,,,,,,,,,,,,,,,kg,,,,,,,,,,,,,,,
norwegian-eiderdown-duvet-hand-picked-limited-supply,,,,,,,,,California King,,,All Year,,,,,DVT-EID-CAK-ALY,0.0,,0,deny,manual,14470.00,,true,true,,,,,,,,,,,,,,,,,,,,,,,kg,,,,,,,,,,,,,,,
norwegian-eiderdown-duvet-hand-picked-limited-supply,,,,,,,,,California King,,,Winter,,,,,DVT-EID-CAK-WIN,0.0,,0,deny,manual,20840.00,,true,true,,,,,,,,,,,,,,,,,,,,,,,kg,,,,,,,,,,,,,,,
norwegian-eiderdown-duvet-hand-picked-limited-supply,,,,,,,,,California King,,,Polar,,,,,DVT-EID-CAK-POL,0.0,,0,deny,manual,34395.00,,true,true,,,,,,,,,,,,,,,,,,,,,,,kg,,,,,,,,,,,,,,,
norwegian-eiderdown-duvet-hand-picked-limited-supply,,,,,,,,,King,,,Summer,,,,,DVT-EID-KNG-SUM,0.0,,0,deny,manual,8455.00,,true,true,,,,,,,,,,,,,,,,,,,,,,,kg,,,,,,,,,,,,,,,
norwegian-eiderdown-duvet-hand-picked-limited-supply,,,,,,,,,King,,,All Year,,,,,DVT-EID-KNG-ALY,0.0,,0,deny,manual,11205.00,,true,true,,,,,,,,,,,,,,,,,,,,,,,kg,,,,,,,,,,,,,,,
norwegian-eiderdown-duvet-hand-picked-limited-supply,,,,,,,,,King,,,Winter,,,,,DVT-EID-KNG-WIN,0.0,,0,deny,manual,16705.00,,true,true,,,,,,,,,,,,,,,,,,,,,,,kg,,,,,,,,,,,,,,,
norwegian-eiderdown-duvet-hand-picked-limited-supply,,,,,,,,,King,,,Polar,,,,,DVT-EID-KNG-POL,0.0,,0,deny,manual,26815.00,,true,true,,,,,,,,,,,,,,,,,,,,,,,kg,,,,,,,,,,,,,,,
norwegian-eiderdown-duvet-hand-picked-limited-supply,,,,,,,,,Imperial King,,,Summer,,,,,DVT-EID-IMK-SUM,0.0,,0,deny,manual,12870.00,,true,true,,,,,,,,,,,,,,,,,,,,,,,kg,,,,,,,,,,,,,,,
norwegian-eiderdown-duvet-hand-picked-limited-supply,,,,,,,,,Imperial King,,,All Year,,,,,DVT-EID-IMK-ALY,0.0,,0,deny,manual,16490.00,,true,true,,,,,,,,,,,,,,,,,,,,,,,kg,,,,,,,,,,,,,,,
norwegian-eiderdown-duvet-hand-picked-limited-supply,,,,,,,,,Imperial King,,,Winter,,,,,DVT-EID-IMK-WIN,0.0,,0,deny,manual,23725.00,,true,true,,,,,,,,,,,,,,,,,,,,,,,kg,,,,,,,,,,,,,,,
norwegian-eiderdown-duvet-hand-picked-limited-supply,,,,,,,,,Imperial King,,,Polar,,,,,DVT-EID-IMK-POL,0.0,,0,deny,manual,38610.00,,true,true,,,,,,,,,,,,,,,,,,,,,,,kg,,,,,,,,,,,,,,,
un-applicato-100-egyptian-cotton-duvet-cover-pillowcase,Un Applicato – 100% Egyptian Cotton Duvet Cover / Pillowcase,"<p>Made in Italy<br>100 % Egyptian long-staple cotton<br>Satin weave<br>Single thread/ply<br>Oxford borders<br>Single application<br>300 thread count</p>
<p>What makes this bed linen so luxurious?<br>Our ‘Un Applicato’ bed linen is woven in wonderfully soft and shiny satin. This 100% Egyptian cotton sateen is made of 300 thread count, which gives a superbly luxurious appeal and a silky soft feel against your skin. The thread count is carefully selected to complement the insulating and breathing capabilities of our down duvets and pillows.</p>
<p>Oxford border design: This bed linen has a single white application on a white base color and Oxford borders.</p>
<p>Care of this product:<br>– Machine wash with warm water on a gentle cycle.<br>– Do not use bleach (bleaching may weaken fabric and cause yellowing).<br>– Do not use fabric softener.<br>– Wash dark colors separately.<br>– Tumble dry on low heat.<br>– Remove while still damp.<br>– Iron on “cotton” setting to regain luster and sheen.</p>",Norvegr,Home & Garden > Linens & Bedding > Bedding > Duvet Covers,Bed Linen,Bed Linen,true,Product Type,Pillow Case,,Size,Boudoir XL,,,,,LIN-UA-PC-BDX,0.0,,0,deny,manual,141.00,,true,true,,,,,,https://cdn.shopify.com/s/files/1/1020/3765/1794/files/imgi_34_linen.jpg?v=1787918685,1,Norvegr luxury Egyptian cotton bed linen,false,Egyptian Cotton Duvet Covers & Pillowcases | Norvegr,Un Applicato Egyptian cotton duvet covers and pillowcases. 300 thread count sateen with Oxford borders. Made in Italy by Norvegr.,,,,,,,,,,,,kg,,,true,,,true,,,true,,,true,,,active
un-applicato-100-egyptian-cotton-duvet-cover-pillowcase,,,,,,,,,Pillow Case,,,Boudoir,,,,,LIN-UA-PC-BDR,0.0,,0,deny,manual,127.00,,true,true,,,,,,https://cdn.shopify.com/s/files/1/1020/3765/1794/files/imgi_18_luxury-duvet-covers.jpg?v=1787918685,2,Un Applicato Egyptian cotton duvet cover with Oxford border,,,,,,,,,,,,,,,kg,,,,,,,,,,,,,,,
un-applicato-100-egyptian-cotton-duvet-cover-pillowcase,,,,,,,,,Pillow Case,,,Standard,,,,,LIN-UA-PC-STD,0.0,,0,deny,manual,165.00,,true,true,,,,,,https://cdn.shopify.com/s/files/1/1020/3765/1794/files/imgi_21_luxury-duvet-cases.jpg?v=1787918685,3,Un Applicato Egyptian cotton pillowcase with Oxford border,,,,,,,,,,,,,,,kg,,,,,,,,,,,,,,,
un-applicato-100-egyptian-cotton-duvet-cover-pillowcase,,,,,,,,,Pillow Case,,,Euro/Square,,,,,LIN-UA-PC-EUR,0.0,,0,deny,manual,179.00,,true,true,,,,,,,,,,,,,,,,,,,,,,,kg,,,,,,,,,,,,,,,
un-applicato-100-egyptian-cotton-duvet-cover-pillowcase,,,,,,,,,Pillow Case,,,Queen,,,,,LIN-UA-PC-QUN,0.0,,0,deny,manual,165.00,,true,true,,,,,,,,,,,,,,,,,,,,,,,kg,,,,,,,,,,,,,,,
un-applicato-100-egyptian-cotton-duvet-cover-pillowcase,,,,,,,,,Pillow Case,,,King,,,,,LIN-UA-PC-KNG,0.0,,0,deny,manual,170.00,,true,true,,,,,,,,,,,,,,,,,,,,,,,kg,,,,,,,,,,,,,,,
un-applicato-100-egyptian-cotton-duvet-cover-pillowcase,,,,,,,,,Duvet Cover,,,Single,,,,,LIN-UA-DC-SNG,0.0,,0,deny,manual,472.00,,true,true,,,,,,,,,,,,,,,,,,,,,,,kg,,,,,,,,,,,,,,,
un-applicato-100-egyptian-cotton-duvet-cover-pillowcase,,,,,,,,,Duvet Cover,,,Double,,,,,LIN-UA-DC-DBL,0.0,,0,deny,manual,589.00,,true,true,,,,,,,,,,,,,,,,,,,,,,,kg,,,,,,,,,,,,,,,
un-applicato-100-egyptian-cotton-duvet-cover-pillowcase,,,,,,,,,Duvet Cover,,,King,,,,,LIN-UA-DC-KNG,0.0,,0,deny,manual,632.00,,true,true,,,,,,,,,,,,,,,,,,,,,,,kg,,,,,,,,,,,,,,,
un-applicato-100-egyptian-cotton-duvet-cover-pillowcase,,,,,,,,,Duvet Cover,,,Superking,,,,,LIN-UA-DC-SKG,0.0,,0,deny,manual,655.00,,true,true,,,,,,,,,,,,,,,,,,,,,,,kg,,,,,,,,,,,,,,,
un-applicato-100-egyptian-cotton-duvet-cover-pillowcase,,,,,,,,,Duvet Cover,,,Superking Extra Long,,,,,LIN-UA-DC-SKX,0.0,,0,deny,manual,670.00,,true,true,,,,,,,,,,,,,,,,,,,,,,,kg,,,,,,,,,,,,,,,
un-applicato-100-egyptian-cotton-duvet-cover-pillowcase,,,,,,,,,Duvet Cover,,,Emperor,,,,,LIN-UA-DC-EMP,0.0,,0,deny,manual,670.00,,true,true,,,,,,,,,,,,,,,,,,,,,,,kg,,,,,,,,,,,,,,,
un-applicato-100-egyptian-cotton-duvet-cover-pillowcase,,,,,,,,,Duvet Cover,,,Twin,,,,,LIN-UA-DC-TWN,0.0,,0,deny,manual,552.00,,true,true,,,,,,,,,,,,,,,,,,,,,,,kg,,,,,,,,,,,,,,,
un-applicato-100-egyptian-cotton-duvet-cover-pillowcase,,,,,,,,,Duvet Cover,,,XL Twin,,,,,LIN-UA-DC-XLT,0.0,,0,deny,manual,571.00,,true,true,,,,,,,,,,,,,,,,,,,,,,,kg,,,,,,,,,,,,,,,
un-applicato-100-egyptian-cotton-duvet-cover-pillowcase,,,,,,,,,Duvet Cover,,,Full,,,,,LIN-UA-DC-FUL,0.0,,0,deny,manual,604.00,,true,true,,,,,,,,,,,,,,,,,,,,,,,kg,,,,,,,,,,,,,,,
un-applicato-100-egyptian-cotton-duvet-cover-pillowcase,,,,,,,,,Duvet Cover,,,Queen,,,,,LIN-UA-DC-QUN,0.0,,0,deny,manual,632.00,,true,true,,,,,,,,,,,,,,,,,,,,,,,kg,,,,,,,,,,,,,,,
un-applicato-100-egyptian-cotton-duvet-cover-pillowcase,,,,,,,,,Duvet Cover,,,California King,,,,,LIN-UA-DC-CAK,0.0,,0,deny,manual,670.00,,true,true,,,,,,,,,,,,,,,,,,,,,,,kg,,,,,,,,,,,,,,,
un-applicato-100-egyptian-cotton-duvet-cover-pillowcase,,,,,,,,,Duvet Cover,,,Imperial King,,,,,LIN-UA-DC-IMK,0.0,,0,deny,manual,670.00,,true,true,,,,,,,,,,,,,,,,,,,,,,,kg,,,,,,,,,,,,,,,
un-applicato-100-egyptian-cotton-duvet-cover-pillowcase,,,,,,,,,Duvet Cover,,,Alaskan King,,,,,LIN-UA-DC-ALK,0.0,,0,deny,manual,1122.00,,true,true,,,,,,,,,,,,,,,,,,,,,,,kg,,,,,,,,,,,,,,,
