Redirect from,Redirect to
/product/duck-goose-down-and-feather-pillows,/products/european-white-goose-60-down-pillows-fill-power-500
/product/duck-goose-down-pillows,/products/european-white-goose-90-down-pillows-fill-power-625
/product/eiderdown-from-the-island-of-svalbard,/products/norwegian-eiderdown-duvet-hand-picked-limited-supply
/product/european-white-goose-850-fill-power-100-down-duvet,/products/european-white-goose-100-down-duvet-fill-power-850
/product/european-white-goose-down-pillows,/products/european-white-goose-down-pillows
/product/luxury-egyptian-cotton-flat-bottom-sheets,/products/luxury-egyptian-cotton-flat-bottom-sheets
/product/luxury-goose-down-duvet,/products/european-white-goose-755-fill-power-90-down-duvet
/product/luxury-travel-bedding-set-with-leather-holdall,/products/luxury-travel-bedding-set-with-leather-holdall
/product/masurian-white-goose-down-duvet,/products/masurian-white-goose-100-down-duvet-fill-power-915
/product/un-applicato-100-egyptian-cotton-duvet-cover-pillowcase,/products/un-applicato-100-egyptian-cotton-duvet-cover-pillowcase
/collections/classic-collection,/collections/duvet-collection
/collections/duvets,/collections/duvet-collection
/collections/limited-edition-collection,/collections/duvet-collection
/collections/premium-collection,/collections/duvet-collection
/collections/premium-plus-collection,/collections/duvet-collection
/collections/standard-collection,/collections/pillows
/collections/top-pics,/
/collections/uncategorised,/
/about-norvegr,/pages/about-norvegr
/basket,/cart
/basket-new,/cart
/bed-linen-guide,/pages/bed-linen-guide
/buying-online,/pages/contact
/care-guide,/pages/care-guide
/checkout-new,/checkout
/contact-us,/pages/contact
/corporate-gifts,/pages/contact
/designers-choose-norvegr,/pages/designers-choose-norvegr
/down-the-natural-anti-allergenic-solution,/pages/why-choose-down
/duvet-guide,/pages/duvet-guide
/evercompare,/
/faqs,/pages/frequently-asked-questions
/health-benefits,/pages/why-choose-down
/hotels,/pages/hotel-locator
/journal,/
/my-account,/account
/norvegr-retailers,/pages/hotel-locator
/pillow-guide,/pages/pillow-guide
/quotes,/pages/contact
/security-privacy,/pages/contact
/shipping-returns,/pages/contact
/shop,/collections/all
/shop/duvet-collection,/collections/duvet-collection
/sign-up,/pages/sign-up
/terms-conditions,/pages/contact
/thank-you,/
/trade-inquiries,/pages/contact
/trade-login-request-access,/pages/contact
/travel-with-us,/collections/travel-sets
/wholesale,/pages/contact
/why-choose-down,/pages/why-choose-down
/why-choose-norvegr,/pages/why-choose-norvegr
